featureNumber,Compound_Name,1,2,3
1,NA,5.842937893252018e-4,0.0014399120358678458,0.0014488367676164528
2,NA,6.927861869910474e-5,4.395464835537215e-4,0.0013426634443382882
6,NA,2.6402283432126516e-5,2.418013407054136e-4,6.751301221974206e-4
7,NA,0.019003175329630178,0.014833082040042071,0.01213962435377386
9,histamine CollisionEnergy:102040,4.241847599928031e-4,7.06936420458312e-4,6.653150825497881e-4
10,NA,1.1345741963516326e-5,1.2114650193229212e-4,4.3704889686038754e-4
12,BETAINE,0.0028743553302248565,0.0038259093179100847,0.0031934225381199713
14,2-Amino-1-phenylethanol CollisionEnergy:205060,2.738858941071219e-4,7.134597017492072e-4,9.80824872191222e-4
15,Phenethylamine CollisionEnergy:102040,0,2.162936699373972e-5,8.690522798077091e-5
31,NA,0.04111859514507048,0.030835595550889987,0.024864015484616114
33,L-(+)-Isoleucine - 40.0 eV,0.0015713776851959955,0.0014925159981975284,0.0017283735288275773
34,trimethylammoniumpropionate (TMAP),0.03824252593954902,0.02585255395123134,0.027670097414289167
35,Dimethylsulfoniopropionate (DMSP),0.0036745205018777764,0.0021356080471638724,0.0019375908840952093
38,Massbank:NA003375 Adenine|7H-purin-6-amine,2.4075729118580557e-5,1.0710818003493378e-4,2.1522180096533364e-4
40,Homarine,0.005605627563459561,0.003633600559054097,0.002898021390267624
41,Homarine,0.03007915353321583,0.01691182510817847,0.015570289634452344
42,Homarine,0.07069031404613962,0.0435714656118855,0.035708042290925966
45,Massbank:LU051604 2-Naphthylamine|naphthalen-2-amine,1.6345897049520534e-4,0.0010464755751096397,0.002048454055915384
46,Stachydrine (L-proline betaine),0.0036192950375905026,0.0041212295945778025,0.003851482814026752
47,Stachydrine (L-proline betaine),0.008669909162510866,0.012310219862986258,0.010113109029648473
48,Stachydrine (L-proline betaine),0.02627314684275487,0.026709766722567755,0.028294698507258336
49,Stachydrine (L-proline betaine),0.1286211639367661,0.13098820305888995,0.10838552937036934
52,NA,0.0032191858052215256,0.002498761729074038,0.0023349170518680955
58,NA,3.707964985200907e-4,4.746499195758555e-4,6.505052246505581e-4
59,PYRIDOXINE,5.685339258189589e-5,1.2943827562009617e-4,2.0339885065698575e-4
61,NA,2.330103632832547e-4,3.2764310199745727e-4,5.088923481911958e-4
62,NA,0.006172841442023012,0.0048165685889004035,0.00486369348965475
65,NA,0.003668133921168217,0.005024488347464732,0.005253439352772488
66,NA,0.0059940535524153635,0.00635652672543208,0.006217008651742073
67,NA,0.04357015590894116,0.049199348332704056,0.05135039756236512
68,NA,0.03199295301762568,0.025210560374586046,0.02293409859596962
69,NA,0.0788335774950119,0.06586836514299581,0.059010981050652805
72,NA,3.086523166741896e-4,5.496385686888396e-4,8.094526903992716e-4
73,NA,0.02028647351264631,0.022972952336166492,0.018241386333224092
75,NA,2.932724851523609e-4,3.581396250640614e-4,4.689554256287894e-4
76,NA,1.3641828441165801e-5,1.450842008280507e-4,4.908581060642503e-4
77,NA,0,3.4109054938714925e-6,1.608292336878347e-5
78,Tryptamine - 30.0 eV,0,3.3376217532108914e-6,1.5464801524565133e-5
81,NA,0.001308190626275042,7.253914896485201e-4,7.710664191219547e-4
82,(-)-L-Carnitine - 40.0 eV,0.008123042089177463,0.004288779538434537,0.004001229031564072
83,NA,2.0170111500073358e-4,4.4780256832617526e-4,5.940936478218748e-4
84,Spectral Match to L-Tyrosine from NIST14,2.147894994019303e-5,1.1180944853717604e-4,1.0597397767627776e-4
86,Spectral Match to 4-(2-Amino-1-hydroxyethyl)-2-methoxyphenol from NIST14,0.0010202466560771466,0.002126822110671902,0.002365712684950065
87,NA,2.3380374859381772e-5,7.29584578507656e-5,5.2981745121573e-5
88,DL-PHENYLALANINE CollisionEnergy:205060,1.343856971029315e-4,4.410909465123417e-4,6.733525510432001e-4
90,NA,0.022873145132763836,0.010619192420586884,0.006279292762404026
98,NA,0.015520589133475033,0.007495837293542832,0.010079479339149601
99,NA,7.352228704282073e-4,3.664913807582518e-4,5.925244152034854e-4
102,NA,5.365199255346122e-4,8.490060264700913e-4,9.501062540605993e-4
103,NA,1.4247177950463486e-4,7.77816062410702e-4,0.0022309177761420957
104,NA,3.541650747879359e-5,3.1584545387202333e-4,8.961108362892566e-4
107,NA,0.003046454839917629,0.0030463489390066736,0.0027498640308057493
108,NA,0.001595609073199795,9.036963348794e-4,0.0013843934175803187
109,NA,0.003385131473725223,0.0015464487205127937,0.001700920365530976
110,NA,7.892077201326335e-5,4.501606156306911e-5,1.9320581502021446e-4
117,NA,3.5662538528727643e-4,3.7801376298711133e-4,2.701729516200443e-4
119,NA,2.381894345574736e-4,5.734144706208496e-4,6.441978306525464e-4
123,NA,9.404070483787268e-5,1.9200438424923696e-4,4.908516590455646e-4
124,NA,0.0038117165803264563,0.00576019889391109,0.00668531774919216
126,Spectral Match to L-Tyrosine from NIST14,8.421146064471303e-5,2.8021290251818373e-4,2.6504489331947723e-4
135,Spectral Match to Abrine from NIST14,5.791239880012063e-4,0.0019882719887619883,0.002525360173713093
139,NA,0.02367772731869932,0.01928437859906414,0.015611840732637073
143,NA,0.00693085221374418,0.00489998621211328,0.004081601425318182
144,NA,0.001156699215016535,5.941131686818306e-4,4.6721127276894955e-4
146,NA,2.727246354650829e-6,5.0813928983966585e-5,1.9389947892272272e-4
147,NA,9.86840319544262e-7,2.057474499423513e-5,9.88611589936761e-5
148,NA,4.235657577038103e-5,2.6025828354057375e-4,2.3447006499104612e-4
149,NA,0,4.627168206432636e-6,3.845782473898374e-5
152,Massbank:LU114702 Isoprocarb|(2-propan-2-ylphenyl) N-methylcarbamate,3.3011411914598483e-6,3.5780791367944014e-5,8.934159578229131e-5
154,Spectral Match to Tetraethylene glycol from NIST14,0.0015406458008311523,7.673108437162594e-4,5.345520705654664e-4
155,NA,9.645090283229081e-5,2.5300255568334e-4,3.4894455210775487e-4
159,NA,5.73084303428481e-4,4.89784368168374e-4,4.509774864818602e-4
161,NA,7.846926311031397e-6,2.2730333086710216e-5,6.589234108360096e-5
165,NA,4.0885415918437284e-5,8.389930169365196e-5,1.237729633390655e-4
166,NA,0.0011942016492235998,0.002141902875843468,0.0032856196141886006
167,NA,9.387806562759499e-4,0.0013844433487055264,0.0014129443806722142
169,NA,5.469536019896574e-7,4.461474427868179e-5,2.8463202996521244e-4
171,NA,0.002641817347941018,0.002226659715506403,0.0018761134020038297
174,NA,3.4888358718039537e-4,4.2144920777097003e-4,3.9082834065030367e-4
179,Acetylcarnitine - 40.0 eV,5.159794940228177e-4,7.161696363466374e-4,0.0010036290385126267
182,Massbank:RP000501 L-Tryptophan|(2S)-2-amino-3-(1H-indol-3-yl)propanoic acid,8.933054029264968e-5,4.7628826717757575e-4,6.854926635193236e-4
184,NA,0.0037077264759511155,0.00412793524209303,0.0035388713277334605
185,NA,0.001490094570919594,0.0014304575587863505,0.0011338142157642668
187,NA,0.003988245608582444,0.0018593477787656786,0.0014084122295776509
189,NA,5.6812599129779694e-5,1.3654819643551974e-4,2.743300989488777e-4
194,NA,0.002368974138486634,0.0032995456266054217,0.003338052403151425
195,"Spectral Match to 2',3'-Dideoxycytidine from NIST14",0.0015190787428296375,0.0025164346339002818,0.0018761104445968373
197,NA,0.0023889402282259906,0.0010689023083445322,7.86323308661525e-4
199,NA,2.8200228875295097e-4,2.9877693257083506e-4,2.091824194249006e-4
200,3-METHOXY-L-TYROSINE - 40.0 eV,2.4277200613807997e-5,3.9449826426829796e-5,6.289228169132368e-5
203,NA,2.099217925246395e-5,1.5392809878285896e-4,6.138755263792692e-5
204,NA,3.945625014143302e-7,1.0509111213535727e-4,1.8398889310977448e-5
205,NA,0.0052295966657302856,0.007779321996886652,0.008921675737685214
210,NA,1.1400046697276835e-4,4.7465510695080156e-4,0.001058619128901814
211,NA,1.9153389583215734e-4,8.820286267133426e-4,0.0022773599729719526
212,NA,2.728869534754448e-5,4.325377747480099e-4,0.001726126352838922
213,NA,1.1783298647398557e-4,6.036007142558244e-4,0.0016271785145601284
218,NA,6.678464582793105e-5,2.55005740393698e-4,6.175496900808743e-4
221,"Spectral Match to cis-7,10,13,16-Docosatetraenoic acid from NIST14",2.625113453513642e-5,4.711631824906834e-5,6.0142452908571535e-5
223,PROPIONYLCARNITINE,0.002088967613860412,0.00370797335816743,0.005424990715093069
225,NA,6.180005608589947e-4,3.848556107191758e-4,2.803925067099848e-4
229,NA,7.234157368807451e-5,1.35866975073677e-4,1.502824592453999e-4
230,NA,9.045336220006265e-4,7.787251115952158e-4,0.001177840362726428
234,NA,1.4093140942470777e-6,4.820171900481491e-6,2.0743785201125654e-5
249,NA,5.104415209515645e-4,2.7663054193745415e-4,2.334550768687456e-4
256,NA,1.2721560994202884e-4,2.1859563164016598e-4,4.660289781443451e-4
258,NA,0,4.382511432876255e-6,3.079097748048625e-6
261,Butyrylcarnitine - 40.00 eV,4.614868973249889e-4,7.524486337473035e-4,0.0014864175632486399
264,(3aR)-(+)-Sclareolide CollisionEnergy:205060,9.533451638256189e-6,1.3527321876192083e-5,3.562452406288056e-5
269,NA,1.3242481815545795e-4,1.860002922430934e-4,2.2054187809146953e-4
270,NA,4.0520138590962686e-5,3.922363584181237e-5,5.1657766182451844e-5
274,NA,0,9.037649439128486e-6,3.12115362596925e-5
275,NA,0,1.4454569223604937e-5,3.888726533292479e-5
277,NA,0.004471182881292389,0.00266145535096029,0.003665617532788644
278,Massbank:LU086203 Pentaethylene glycol|2-[2-[2-[2-(2-hydroxyethoxy)ethoxy]ethoxy]ethoxy]ethanol,0.0013447070387292061,7.652564195192838e-4,5.320177362125409e-4
279,NA,2.686250968473954e-4,5.41378175599422e-4,4.196181980816129e-4
280,NA,7.791163427276129e-4,3.783598400975246e-4,2.4124229821426775e-4
282,NA,7.705339370969948e-5,4.016138591440732e-4,5.179142780380357e-4
283,NA,0,1.962330531447499e-5,4.774584723684742e-5
293,NA,0.004036603229700833,0.0035121374613046705,0.004297859609922704
295,Isovalerylcarnitine - 40.00 eV,0.0012237838084681611,0.001853200434621583,0.002844152713220054
300,NA,3.6299129574519776e-4,0.0011628303838025359,0.0015286875483309767
301,NA,1.1795935680800398e-5,3.6764444367587705e-5,7.992226698339886e-5
303,NA,6.530098495948703e-5,0.00034267185068115173,6.167281966981521e-4
310,NA,0.0017775884047850812,8.358858799775544e-4,6.27030122844326e-4
311,NA,1.563233770381662e-5,1.0694056483048077e-4,1.3713815667728725e-4
312,NA,1.933531955371807e-4,6.428385242875327e-5,1.497342667525669e-6
313,NA,9.857879220377244e-6,8.789113170572575e-6,0
315,NA,5.8853423105961976e-5,2.4841634180541755e-5,0
322,NA,3.2159037864074224e-6,2.023250568751569e-4,3.217137142357444e-4
323,NA,0,6.541647228559178e-5,1.437351607892535e-4
328,Spectral Match to Stearidonic acid from NIST14,0,1.0294742366770185e-5,3.738188408335725e-5
330,Massbank:RP025502 Hexanoyl-L-Carnitine|L-Hexanoylcarnitine|(3R)-3-hexanoyloxy-4-(trimethylazaniumyl)butanoate,1.5543186522696834e-4,2.6489506594464657e-4,4.324483975109487e-4
336,Spectral Match to Pinolenic acid from NIST14,1.0460087579863763e-5,2.1193921915477987e-4,3.075459800245904e-4
337,Spectral Match to Pinolenic acid from NIST14,0,3.439119854137848e-5,8.516293895736545e-5
338,Spectral Match to Pinolenic acid from NIST14,3.7167519377252666e-6,1.772091560068255e-4,2.8425380247985984e-4
339,NCGC00381425-01!8-hydroxy-8-(3-octyloxiran-2-yl)octanoic acid [IIN-based on: CCMSLIB00000846585],0,1.813793474699865e-5,6.351429718622204e-5
341,skimmianine,2.254034516928699e-5,7.96789600604513e-5,1.5327159597279622e-4
343,NA,1.0790497295415424e-4,1.7193063884580564e-4,2.5169342367972964e-4
349,NA,0.00151023138085774,7.331113383281352e-4,7.76650064321557e-4
351,"Spectral Match to Conjugated linoleic acid (9E,11E) from NIST14",1.0983829105904124e-5,4.15454837009312e-5,4.821156240511052e-5
352,NA,6.376040601025654e-5,2.3183052546797616e-4,3.9495892656729977e-4
353,NA,7.703251308111655e-6,3.702351875532194e-5,9.117380264405952e-5
361,Spectral Match to Tributyl phosphate from NIST14,0.007068568282415937,0.0030906685829963677,0.002235636315363869
362,NA,0,0,2.068620373773591e-5
363,"Massbank:EQ330403 Adenosine|(2R,3R,4S,5R)-2-(6-aminopurin-9-yl)-5-(hydroxymethyl)oxolane-3,4-diol",4.941706823712795e-4,0.0013912670422287967,0.001717455396920479
364,"Massbank:EQ330403 Adenosine|(2R,3R,4S,5R)-2-(6-aminopurin-9-yl)-5-(hydroxymethyl)oxolane-3,4-diol",3.9204462151735093e-05,1.3966226675084573e-4,2.777010724949409e-4
369,"Massbank:EQ302201 Medazepam|7-chloranyl-1-methyl-5-phenyl-2,3-dihydro-1,4-benzodiazepine",2.1261242827138623e-4,6.127463196485865e-4,0.0011107847906693033
370,"Massbank:EQ302201 Medazepam|7-chloranyl-1-methyl-5-phenyl-2,3-dihydro-1,4-benzodiazepine",1.2499109352098887e-6,1.0229880134447121e-5,2.7219632646318567e-5
371,NA,0,2.1978318208879635e-5,6.718934045265658e-5
375,NA,8.18537713068183e-4,0.0012255842061688817,0.001350116194305343
378,NA,0,2.0456824296825853e-5,6.56050247921917e-5
381,NA,8.264830755199219e-5,5.086391596075691e-4,6.813427505126733e-4
385,NA,0.005651110389638956,0.0043906433655868235,0.003845084520827205
390,NA,0.0035529754211991163,0.009743258250603562,0.014476023669436297
391,NA,2.8132031683494647e-6,5.6721933704932295e-5,2.4120725509323317e-4
394,NA,1.36742587083847e-4,7.196749998456607e-4,9.648125128087032e-4
395,NA,2.8369064445762267e-5,5.727205106623914e-5,7.586462642186531e-5
400,NA,1.1106416893877278e-6,4.7879231854088304e-5,1.9742779340882417e-4
401,NA,2.9421462212295126e-5,2.2009867930357683e-4,5.608470726096435e-4
405,NA,2.2149968054010923e-6,1.0171067472858404e-4,4.1900940262032305e-5
412,NA,4.7285855956730874e-5,3.093953001452536e-4,4.369854087853335e-4
413,NA,0.0015474449517008716,8.235134646602546e-4,5.903917116813441e-4
416,NA,4.621777816295593e-4,0.0011875815423533797,0.0016236460948772355
421,Spectral Match to Hexaethylene glycol from NIST14,4.194450479669884e-4,2.8389143646725295e-4,2.1470980648467778e-4
423,"NCGC00384809-01!5-[5-hydroxy-3-(hydroxymethyl)pentyl]-8a-(hydroxymethyl)-5,6-dimethyl-3,4,4a,6,7,8-hexahydronaphthalene-1-carboxylic acid [IIN-based on: CCMSLIB00000847958]",2.3917545126768756e-5,1.7211146459892248e-6,2.1610568897914388e-5
424,"NCGC00384809-01!5-[5-hydroxy-3-(hydroxymethyl)pentyl]-8a-(hydroxymethyl)-5,6-dimethyl-3,4,4a,6,7,8-hexahydronaphthalene-1-carboxylic acid [IIN-based on: CCMSLIB00000847958]",2.2666856778147045e-5,0,6.234220008412129e-6
426,NA,8.198132364239524e-4,4.8775907730250705e-4,3.4929535914499365e-4
428,Palythene,1.7012215272314405e-6,1.617843482053816e-5,8.692976898390517e-6
430,Spectral Match to Glycerol 1-myristate from NIST14,5.176974583153223e-6,0,4.491543425401533e-5
433,NA,0.009821082004427268,0.010247664479892032,0.0072249791871890215
434,NA,0.001980486817744923,0.0022281044296386956,0.0012889709358708673
438,NA,8.201270322889608e-4,9.22389236751163e-4,3.480330421984851e-4
439,OCTANOYLCARNITINE,4.158833012604035e-5,1.1481296244038628e-4,1.785893464077391e-4
443,"MassbankEU:SM876702 Lauryl diethanolamide|N,N-bis(2-hydroxyethyl)dodecanamide",6.264132224523642e-4,1.1748561816617565e-4,7.563774082424141e-6
449,NA,2.129758113467384e-4,8.840424815692141e-4,9.966279985364635e-4
450,NA,0.002744431651872107,0.0020497504212326828,0.002560684271811641
451,NA,0.006501440949912791,0.0035740106039433,0.0033477832310148258
452,NA,7.374448551947601e-4,3.3809758791580234e-4,2.6659352137130396e-4
453,NA,2.593292913392221e-6,1.0501241814289973e-4,1.485405315355912e-4
456,NA,0.004756629777239613,0.0031429269125338687,0.003207361324120843
463,NA,0,4.7036419640976775e-5,1.1530850511702357e-4
466,NA,0,3.0435172743082458e-5,7.790850021945487e-5
472,"Spectral Match to 9Z,11E,13E-Octadecatrienoic acid methyl ester from NIST14",8.383816433214444e-7,6.851158087106103e-5,1.1403529370256734e-4
480,NA,1.6013305060900683e-7,3.543795580633698e-5,9.001399698664737e-5
482,NA,0.0012442051065219804,4.286665941201037e-4,3.338989055807718e-4
485,NA,0,2.8809553626735576e-5,6.159576430833633e-5
486,NA,7.77701583721052e-6,1.1468308632802725e-4,3.788013887493538e-4
487,NA,2.4211173384237685e-6,3.5962207204019614e-5,6.583867056114845e-5
488,NA,1.054238157694217e-5,1.1468953853251432e-4,3.4162617460560107e-4
494,NA,1.5423465197995063e-6,0,5.2000540623745834e-5
495,NA,1.4452505033885038e-5,0,3.2493211974533835e-5
496,Spectral Match to Phytomonic acid from NIST14,6.143703927749404e-6,1.3016233195405934e-4,1.1768209887457831e-4
497,"Massbank: 5'-S-methyl-5'-thioadenosine|(2R,3R,4S,5S)-2-(6-aminopurin-9-yl)-5-(methylsulfanylmethyl)oxolane-3,4-diol",7.410321870318304e-6,1.0862629817435343e-4,2.1660262008794183e-4
498,NA,2.9819701898144228e-6,5.865977474979353e-5,1.4611359056879196e-4
502,NA,2.6786802546021786e-6,0,1.2541020613303237e-5
504,NA,1.5123975627387998e-4,1.1310458580897577e-4,7.867479073463909e-5
507,NA,0.010057343256466919,0.010077824348289358,0.007795367597107358
508,"Spectral Match to (.+/-.)-5-Hydroxy-6E,8Z,11Z,14Z,17Z-eicosapentaenoic acid from NIST14",0,3.6583721182044535e-5,6.596350118049236e-5
515,4'-Methoxy-.beta.-naphthoflavone CollisionEnergy:102040,1.0743800791924547e-6,4.485622810767276e-5,1.4715979800571224e-4
516,NA,1.9917128410260502e-4,3.9287782697666664e-4,4.331318017416657e-4
520,Spectral Match to Glycerol 1-myristate from NIST14,5.148941354453262e-7,1.5865178751823034e-5,3.078514063800856e-5
533,NA,7.657944203360874e-7,9.20668182098842e-5,1.8809816751774416e-4
534,NA,6.350627305588865e-5,2.9441948231151487e-4,5.561795579913208e-4
535,NA,0,9.827595530160376e-7,3.0206363948101574e-5
539,NA,2.6526301181380655e-6,1.68685088359293e-5,7.28409582779755e-5
548,NA,3.7305916012379017e-4,5.928370596732501e-4,5.748011538553748e-4
549,NA,1.4930970239782028e-6,4.1539892215794955e-5,1.6229935629058826e-4
550,NA,2.6678610755676534e-4,0.001158283576312148,0.0015125740693843093
551,NA,6.548090937156852e-7,4.294067384632457e-5,1.1775827757008983e-4
554,NA,1.8637498133184476e-5,3.567057826469204e-5,4.607657278749273e-5
555,NA,1.0046581818323876e-5,1.0201450321334473e-5,1.7598240133253326e-5
581,NA,1.3485885504666118e-4,3.8599659147381507e-4,6.339761437542601e-4
582,NA,0.0026022789904561693,0.0033033278544263153,0.0033753490623140404
583,NA,0.003990398255694917,0.003311428504948643,0.0027667434721265287
584,NA,0.001701348361066034,0.001228979116120736,0.0010351498003557497
586,NA,6.411799835755732e-6,3.180562232713835e-5,3.599454637962062e-5
588,DECANOYLCARNITINE,9.736831282985636e-5,1.881870966646859e-4,2.9032182798890364e-4
591,NA,9.265224834246245e-5,2.3150431088099056e-5,0
593,NA,2.0098962061389463e-5,7.688860618508677e-5,8.891016756103513e-5
602,NA,5.314404799438392e-7,4.8850739714448516e-5,1.0435793149002904e-4
605,NA,0,0,3.9465000037255036e-6
609,NA,0,2.5323593537287053e-5,6.0573626588602446e-5
610,NA,1.4305991582879733e-4,7.940967228041026e-4,0.0010610521139926964
612,NA,6.219971866495371e-5,4.805353529192801e-5,4.0557610275722526e-5
613,NA,2.617768015970823e-4,1.2287596848700077e-4,9.78104189949275e-5
617,Spectral Match to Arachidonic acid methyl ester from NIST14,5.830480124772824e-6,9.18240375401908e-5,1.5449139075346922e-4
626,NA,1.3049518527459273e-5,9.155152681853943e-5,1.3864274582536758e-4
627,NA,8.05260432753731e-6,5.825982252380672e-5,1.0659115552214607e-4
628,NA,0,3.292047777374053e-6,2.5957689300862278e-5
639,NA,6.362405581947497e-6,7.07700971214231e-5,1.6646302977703885e-4
640,NA,5.436917145521183e-4,0.0012445706421168122,0.001846825182544729
645,NA,1.9127075309162854e-6,1.2391535870897171e-5,1.238251155216215e-5
646,NA,1.4779924932146878e-5,3.341972224038108e-6,5.800037226065759e-6
647,NA,2.906535219172332e-5,4.393050152835392e-5,8.230325094669315e-5
651,NA,4.6398777691677866e-5,2.13230999301437e-5,2.3686770997927777e-5
652,NA,5.164839337620332e-5,2.67454353035706e-4,4.584909948174255e-4
653,NA,1.3382820285426275e-4,1.8485476443695599e-4,2.198906604293562e-4
654,NA,4.676455253882211e-5,4.3410181898637455e-5,5.786157646788585e-5
656,NA,1.9380367399318837e-4,1.3818756405005602e-4,1.126980806828292e-4
658,NA,1.9748215888120027e-6,1.831168370951499e-5,3.4773465998529987e-5
667,NA,1.2498947606278015e-5,1.0724831018929763e-4,2.1007964716008255e-4
669,NA,0,8.286995827702801e-5,1.542269315447179e-4
670,NA,0,2.2006716129485755e-5,6.512189467419342e-5
673,Spectral Match to 1-Hexadecanoyl-sn-glycerol from NIST14,1.6100517490709272e-5,5.071033487742859e-5,5.099541747231693e-5
675,Spectral Match to 1-Hexadecanoyl-sn-glycerol from NIST14,2.7392971339896172e-5,4.093742171335318e-5,6.149791138661282e-5
676,NA,8.805651934987536e-6,1.2411937428608765e-4,3.65423915198922e-4
677,NA,6.735869417553268e-5,2.2656033410303647e-4,2.940128043521374e-4
695,NA,6.273438883631554e-4,9.155038862443946e-5,3.2209680842285466e-5
696,NA,5.15359257838868e-7,3.127273247077635e-5,1.1962048173341262e-4
702,"Spectral Match to Monolinolenin (9c,12c,15c) from NIST14",0,3.006893485520899e-5,6.0954324174070975e-5
703,"Spectral Match to Monolinolenin (9c,12c,15c) from NIST14",0,2.4227906654122093e-5,5.6066747708015804e-5
714,NA,2.1660824969786693e-5,2.165674717562332e-5,1.528542582731933e-5
716,NA,1.1281576121326394e-5,6.483541288783499e-5,1.0858362111682636e-4
721,NA,2.2024696495827074e-6,1.6536926795513878e-5,2.8274063774448613e-5
722,NA,1.870488869882302e-6,1.4053533297868598e-5,1.8262879488935515e-5
729,"Spectral Match to 13-Docosenamide, (Z)- from NIST14",0.006273214554176949,0.003760442268508329,0.002139223898784309
730,NA,7.927237555942239e-6,5.795830656233111e-5,1.0652513416628975e-4
735,NA,1.0219915838267945e-4,5.446363893495099e-5,1.9900759886515398e-5
736,NA,3.6154621663776236e-5,2.890085105001107e-4,3.9439106397066255e-4
742,NA,0,3.474209957484855e-7,1.1640364760040855e-5
745,NA,1.5517435200665362e-5,0,1.4156365627029016e-5
746,NA,1.62574103542679e-5,0,3.962610012981355e-6
747,"""(3R)-3-((3R,5R,6S,8S,9S,10R,13R,17R)-3,6-dihydroxy-10,13-dimethylhexadecahydro-1H-cyclopenta[a]phenanthren-17-yl)butanoic acid""",2.581115202854986e-5,2.416165568500363e-4,2.0274966204076095e-4
749,NA,3.7946241028647893e-6,4.975548202189282e-5,1.0116439009161771e-4
757,NA,1.7145417254317777e-4,7.297116979598398e-5,6.15851559347075e-5
760,NA,2.7198859744845472e-5,0,0
761,LAUROYLCARNITINE,1.3039877561043812e-4,2.613717897772832e-4,3.6471282718165005e-4
763,NA,0.006398047711023964,0.007328801465293994,0.006812390035791149
766,NA,7.726925140478397e-6,1.2121589328167654e-4,1.186312797128248e-4
767,NA,0,0,9.426355360549649e-6
774,NA,7.455750730893612e-5,5.897707704125846e-4,0.00084562272368095845
775,NA,9.769306878865893e-6,1.459554661976715e-4,3.886759993889219e-4
776,NA,1.8117176394614573e-6,5.07158957059622e-5,1.0669226582689046e-4
777,NA,2.593459069547348e-5,7.093005651129495e-5,7.610530336241577e-5
782,NA,2.5548828475392774e-4,7.432224514307636e-4,0.0010343215833109969
787,NA,1.052564910686494e-4,0.0012766048454861713,0.0018040267838157855
788,NA,2.297631276591657e-6,1.1591436907384274e-4,2.0239045116011615e-4
789,NA,3.517724539479962e-5,5.426261432636365e-4,8.87506227496846e-4
790,NA,0,2.327771223109851e-5,6.187634446488121e-5
791,NA,0,8.759045200349828e-6,2.9237215271176608e-5
793,NA,0.006349107676971712,0.011119213364704037,0.013049752744425856
794,NA,0,2.182471087518898e-5,7.919186301339227e-5
796,NA,8.437408566758942e-7,9.027765846306809e-6,3.948931259221928e-5
804,NA,0,3.1407083574423294e-5,8.407668936074241e-5
805,NA,8.36852790582801e-6,2.044578691833022e-4,3.678062297764011e-4
806,NA,1.4282949742405848e-5,2.359149188801803e-4,3.7186669796341015e-4
807,NA,0,3.806184221521538e-5,9.40501660573357e-5
808,NA,0,3.617869437956564e-6,2.1150837261677353e-5
817,"Spectral Match to Monolinolenin (9c,12c,15c) from NIST14",9.933771623426623e-5,7.575482734829184e-4,0.0010257109139092185
818,"Spectral Match to Monolinolenin (9c,12c,15c) from NIST14",9.607692539908946e-6,2.2575001662862012e-4,3.7402679846852964e-4
819,"Spectral Match to Monolinolenin (9c,12c,15c) from NIST14",4.760083617516324e-5,6.527788430402057e-4,9.377654277123704e-4
820,"Spectral Match to Monolinolenin (9c,12c,15c) from NIST14",4.26465091587782e-6,1.5070893506091744e-4,2.8022256299048475e-4
829,NA,1.3846553461002617e-5,1.1187196876550509e-4,1.6808081493987194e-4
831,Spectral Match to 1-Linoleoylglycerol from NIST14,2.389416909273961e-5,7.078095986326359e-5,8.716441226221721e-5
832,Spectral Match to 1-Linoleoylglycerol from NIST14,3.7858816447518875e-5,8.830803556694457e-5,1.2103523950233795e-4
833,Spectral Match to 1-Linoleoylglycerol from NIST14,4.025148062375705e-6,8.527413326199816e-6,1.335848349578687e-5
834,Spectral Match to 1-Linoleoylglycerol from NIST14,1.0260150041853276e-5,2.27617111940242e-5,3.1804120854991924e-5
838,NA,0.0013824620045102402,4.428683581461713e-4,2.3212193146661807e-4
840,NA,5.177752344696605e-6,1.0204747537623201e-4,1.5938066191935224e-4
841,NA,2.4011753679409302e-5,1.354033978303407e-4,2.742096677835434e-4
842,NA,2.4135217626808032e-5,3.792012639963481e-5,8.483556321350586e-5
844,NA,3.932633250489132e-4,4.618872998565902e-4,4.494011789491433e-4
846,NA,1.4303934753119897e-4,1.2243777020014024e-4,2.0049783958006196e-5
852,NA,1.1548326799101075e-4,3.445914987006013e-4,3.33553728032268e-4
854,NA,0,0,6.224233812376009e-6
857,"2-(2-hydroxybut-3-en-2-yl)-3a,6,6,9a-tetramethyl-2,4,5,5a,7,8,9,9b-octahydro-1H-benzo[e][1]benzofuran-4,5-diol",0.0038365380759905,0.006245996862476034,0.006523649413895027
860,NA,0,2.3575395441772228e-6,1.9325605591876507e-5
863,NA,3.066889480530418e-5,1.3609638399987876e-4,1.6269249193344605e-4
869,NA,6.350978060158301e-6,1.0376378853767416e-4,1.5667804242133854e-4
874,NA,3.6599151201705454e-4,4.4725059178107385e-4,5.718180297844559e-4
877,NA,4.049182244765374e-5,3.1723738818088706e-4,6.339180876572372e-4
886,NA,3.679890046777761e-4,0.001882562857930962,0.00393438695980899
887,NA,2.168988971185633e-5,1.3770237765851732e-4,3.600097906806303e-4
894,1-beta-D-Glucopyranosyl-L-tryptophan,1.3652871319523837e-5,9.092883368286108e-5,1.6624692811186795e-4
900,NA,1.9122831242440446e-4,2.6471704532532535e-5,7.5317964487399225e-6
902,NA,3.970431684622315e-5,8.324362361525018e-5,1.244142708177028e-4
911,NA,7.480769589681848e-6,4.562972556451313e-6,1.004256876183261e-5
912,NA,3.9304886409255403e-4,7.035598011417603e-4,6.700362112118904e-4
913,Massbank:RP025402 Tetradecanoyl-L-Carnitine|L-Myristoylcarnitine|(3R)-3-tetradecanoyloxy-4-(trimethylazaniumyl)butanoate,4.1677018525909063e-4,8.062874146714995e-4,9.853337680962033e-4
915,NA,0.0034231838821757606,0.004052751484174429,0.003624991736066641
918,NA,7.996677656435607e-5,2.527381778817559e-4,3.785390444392226e-4
919,NA,3.333963558627759e-5,1.1812537076336986e-4,2.053196915423255e-4
926,NA,2.7536149458541117e-6,3.542680471063929e-5,8.718491755806426e-5
927,NA,0,5.551838697333032e-6,1.0105599951383995e-5
928,NA,1.5490504112806184e-7,2.0025250426371618e-5,6.550284961631655e-5
937,"5-[5-hydroxy-3-(hydroxymethyl)pentyl]-8a-(hydroxymethyl)-5,6-dimethyl-3,4,4a,6,7,8-hexahydronaphthalene-1-carboxylic acid",0,3.21618604456783e-5,8.44045181836964e-5
939,NA,2.757463986362761e-6,5.197355136596623e-5,9.493297198693665e-5
940,NA,0,3.745859688175019e-5,5.47337402890004e-5
941,NA,2.4663804990052693e-6,6.435751392968368e-5,1.2902733606296184e-4
943,NA,4.413767813699935e-7,1.9669025362914115e-5,3.773014049947119e-5
944,NA,8.226439847131406e-6,4.9824275134769984e-5,5.5425637315229194e-5
945,NA,1.0564186568271622e-5,9.648582936949441e-5,1.1867406886968493e-4
949,NA,2.2804681276868537e-4,0.0013771112897240265,0.003089083502936059
950,NA,3.298909894289344e-5,1.2072112840135321e-4,2.6373718081488113e-4
951,NA,2.921791723919252e-6,6.763168988175187e-5,2.1885594459030065e-4
952,NA,1.7546727306015963e-6,1.690168480250697e-5,7.469481167047237e-5
972,NA,0,5.029559052965299e-4,4.573226411716031e-7
973,NA,1.6932863644443616e-5,1.383247263058658e-4,2.4967038043749256e-4
974,NA,1.5124647581776592e-6,1.3509961665865494e-5,4.629176835845518e-5
975,NA,5.97254290886629e-7,4.69551285886163e-5,6.337589667930157e-5
976,NA,5.613171723349872e-4,5.789741177576606e-4,4.664804405793548e-4
977,NA,5.921902839092606e-4,0.0014066196995343601,3.128225880884299e-4
979,NA,6.899335939419636e-5,1.5278893345596026e-4,1.4687680907413489e-4
993,NA,1.9968336512497846e-4,0.00046140251470330555,3.764984444421203e-4
995,NA,4.062322645943048e-7,6.712252021082163e-6,2.2774431555905783e-5
999,NA,7.584674129552925e-6,2.7513952308737705e-5,1.8517529078703964e-4
1004,NA,0,7.328907073214695e-6,4.408420249233738e-5
1005,NA,2.854939901766319e-7,1.809405292137848e-5,8.047108571562131e-5
1006,NA,3.564949839660613e-5,0,2.4431732806748716e-6
1010,NA,1.5872280919405451e-6,6.0472240078780145e-5,2.126028605914139e-4
1018,NA,4.193452594448833e-5,1.2722801599642235e-4,1.783372253041871e-4
1025,Palmitoylcarnitine,0.0024548965127232105,0.004055674258301282,0.004336516422298746
1026,NA,9.053333178874359e-4,8.66576357719759e-4,5.79573222783471e-4
1034,NA,0,1.2631586528347222e-5,5.0762472676445666e-5
1035,NA,0,1.35453609440746e-4,2.598341923792158e-4
1036,NA,0,5.2576486832579586e-5,1.268209900362687e-4
1045,NA,3.936155991113354e-4,7.656923196643419e-4,0.0010753918225399571
1047,NA,9.551804115930745e-6,4.2308287132510255e-5,6.933541078965204e-5
1051,NA,0,1.513864892180607e-6,2.6730892360477073e-5
1052,NA,6.019063129526333e-7,7.750612568216058e-6,4.216281446975497e-5
1053,NA,1.5779568099469815e-6,1.1259931014038548e-5,6.19538659272817e-5
1054,NA,3.2415469325130968e-6,6.076656222052046e-5,9.600459211056102e-5
1056,NA,0,1.047743123006573e-5,5.7088603571488605e-5
1065,NA,1.2651597783919566e-5,5.9257947996125345e-5,1.386243933714046e-4
1067,NA,5.141411840585779e-7,2.2355579426958615e-5,3.427077865130607e-5
1068,NA,7.879026636164252e-6,5.463561544091005e-5,7.122470964040874e-5
1073,NA,0,1.5922474680381005e-5,3.5381956023697496e-5
1074,NA,1.1115805944500988e-4,3.4169011307358393e-4,4.155651582867706e-4
1078,NA,0,5.774216546996063e-6,2.8219840461672726e-5
1079,NA,4.501088790313301e-5,4.1299947389076564e-5,9.192228244892336e-5
1080,Austinoneol,1.409012911024957e-4,0,2.3584984645004153e-5
1085,NA,1.7680620619237794e-6,4.9095386501523694e-5,1.4796252701286552e-4
1087,NA,8.056479856249317e-7,2.2131142992623722e-5,2.9101768124726878e-5
1090,NA,0,1.1660892403778932e-5,1.6052098264098665e-5
1096,NA,1.6431655193486737e-6,8.063797494061502e-5,1.2369707393063934e-4
1097,NA,7.198602162054852e-6,4.480435883776123e-5,7.527451111283505e-5
1099,NA,0,3.789544977697742e-5,4.990309259190212e-5
1106,Spectral Match to Oleoyl L-carnitine from NIST14,4.725441122916205e-4,7.788271809556738e-4,8.399837522495002e-4
1112,Massbank:RP025602 Stearoyl-L-Carnitine|stearoylcarnitine|3-octadecanoyloxy-4-(trimethylazaniumyl)butanoate,0.0010411015236526254,0.0013229319844202455,0.001328641611422139
1127,NA,1.4251371980354482e-4,2.895787900044808e-4,4.277250927940354e-5
1141,NA,0.0012463431388322753,0.004355594827565446,0.005641522553558142
1150,NA,7.062194818020885e-4,5.893768159581342e-4,6.1112559494742e-4
1152,NA,1.774825478491986e-5,5.040230458992834e-5,8.523525477003984e-5
1153,NA,2.4668866274824935e-4,1.5667170656079703e-4,2.672671551774946e-4
1154,NA,7.564239565518015e-5,3.995743887851408e-5,8.854910149202523e-5
1158,O-arachidonoylcarnitine,2.294810141740942e-5,4.127145093645447e-5,6.601336542654556e-5
1164,NA,0,1.8342909231071762e-5,5.2081210242298815e-5
1165,PE(16:1/0:0); [M+H]+ C21H43N1O7P1,9.043543741650688e-6,1.6954094812089086e-4,3.3154294513789464e-4
1166,PE(16:1/0:0); [M+H]+ C21H43N1O7P1,7.418359586293299e-6,1.4334424651228356e-5,1.1013768798523392e-4
1167,NA,1.6715400422066896e-4,0.0010026433497511288,0.001405518395404393
1168,PE(16:0/0:0); [M+H]+ C21H45N1O7P1,3.0118029235137174e-5,1.2418204811441092e-4,1.628548059432208e-4
1169,NA,4.885588490425466e-6,6.38840056494518e-5,1.2076055261695128e-4
1170,NA,9.520803727656922e-5,1.6785462602779763e-4,1.9213854657748548e-4
1176,NA,1.708097485962024e-5,5.298648723213345e-5,6.113850644075875e-5
1177,NA,4.549110829160436e-7,2.307110769318925e-5,4.529921335767984e-5
1178,NA,6.622783260395133e-6,5.9786193535886346e-6,1.658809392297098e-5
1179,NA,0,1.3521379773749611e-5,3.418020698418477e-5
1188,NA,7.873451223089637e-5,0,1.3578429110983859e-5
1189,NA,1.8648995021870408e-6,1.1501677241049857e-4,3.537116150017036e-5
1192,Lyso DGCC (14:0),2.9231628145707866e-4,5.785142683666127e-4,5.7052361544903e-4
1195,NA,5.457458042419865e-6,1.6536572229685603e-4,3.6417118138069675e-4
1196,NA,3.4077159248719333e-6,1.039813031615347e-4,1.8315833889307e-4
1197,NA,1.3944152254194001e-5,4.6322428825060525e-5,7.210271161629917e-5
1199,NA,6.8183753715436295e-6,1.5569827633229598e-4,2.791582115251437e-4
1201,NA,1.1617140276499422e-5,1.632768852580722e-5,4.4496450343042306e-5
1203,NA,6.689707527861316e-6,3.0459436787222243e-05,1.421299324124641e-4
1204,NA,3.423610376705349e-5,2.1239312305912497e-4,3.4401318533960917e-4
1207,NA,0.0016397786737313224,0.006319346095889456,0.008810857226132309
1211,NA,0.0010364882310102445,5.179233763907355e-4,2.4923539409002856e-4
1219,Spectral Match to 1-Myristoyl-sn-glycero-3-phosphocholine from NIST14,5.501174073824752e-6,4.9914709036737584e-5,9.152132549096321e-5
1220,NA,1.5440903295257682e-5,1.1866894331976946e-4,1.1529671850770745e-4
1222,NA,5.825731556170087e-4,3.915115307405812e-4,2.8859912753478395e-4
1225,NA,4.917105547697736e-5,6.851300491319626e-5,1.115858360912214e-4
1227,NA,1.0229265376874707e-5,1.0411429016709007e-5,1.8643296264865326e-5
1234,NA,3.0291565986921144e-5,1.3036772905546807e-5,4.3976001930355595e-5
1237,NA,8.999607185360679e-6,1.694212089057996e-5,3.6615330381781124e-5
1242,NA,4.306071757993783e-6,5.640609788904975e-5,7.728551693234842e-5
1243,DGTS 16:0,4.5078586974968014e-4,4.07024808318705e-4,5.484464645757074e-4
1244,DGTS 16:0,1.7677864184139253e-4,1.5279342880345374e-4,2.0424714542014412e-4
1248,NA,8.16438225391215e-5,1.3848951728649944e-4,1.4743544242062402e-4
1252,PE(18:1/0:0); [M+H]+ C23H47N1O7P1,1.1182589003125426e-5,1.3171037417033032e-5,1.0814874031569931e-4
1253,PE(18:1/0:0); [M+H]+ C23H47N1O7P1,3.3168043775721897e-5,5.326536682185112e-5,2.6455455976658076e-4
1254,PE(18:1/0:0); [M+H]+ C23H47N1O7P1,9.86328239942115e-6,1.1628135447761945e-5,6.34279488090936e-5
1255,PE(18:1/0:0); [M+H]+ C23H47N1O7P1,1.9183335146932707e-5,1.0500425821862946e-4,1.7107404649278592e-4
1261,NA,3.0563274269989504e-5,1.8048124161282886e-4,2.0762767262135255e-4
1264,PE(18:0/0:0); [M+H]+ C23H49N1O7P1,3.9215714587363196e-5,1.579154235600258e-4,1.777573802580157e-4
1266,Spectral Match to 1-Hexadecyl-sn-glycero-3-phosphocholine from NIST14,0.018114281261262872,0.03738231828763232,0.04226327572252377
1271,NA,1.9582313775964443e-5,0,9.928663432587032e-6
1284,NA,2.890010321670542e-5,0,1.198671554960263e-6
1288,NA,0,6.653100367357099e-5,1.3964738637734653e-4
1289,NA,0,1.0201877346297293e-4,2.0208583961206747e-4
1290,NA,0,3.553366234994502e-6,1.843129275240121e-5
1291,NA,0,1.3438515437258122e-5,4.824555302857527e-5
1295,NA,6.741106678378443e-4,0.0015157139079579388,0.0017628719004480153
1297,NA,0,1.0332987442604794e-6,1.0376592580033747e-5
1300,Spectral Match to Lyso-PC(16:0) from NIST14,0.0017871485158471815,0.004970711981457218,0.006641015750577745
1302,NA,2.7806886218387677e-5,5.23435018290226e-5,7.142269453858983e-5
1303,NA,5.735350885831959e-5,1.0111265041349084e-4,1.45419103822592e-4
1304,NA,0,2.882776905925544e-5,3.306075295009712e-5
1305,NA,4.063296703501866e-6,1.564094225664959e-5,5.097976241646656e-5
1306,NA,0,4.539587528712116e-5,1.0670663994322328e-4
1308,DGTS 18:2,5.385968073154347e-4,6.04087182632517e-4,7.678407192711447e-4
1309,DGTS 18:2,3.096463600592551e-4,3.138681764580236e-4,3.775497855496848e-4
1310,NA,0,6.577917065693498e-6,6.379530841992139e-6
1311,NA,1.0484806175823633e-4,5.8859011437438595e-5,1.5358503949151287e-4
1314,NA,2.116829658499497e-4,2.040789144474232e-4,3.138122076386681e-4
1315,NA,6.377432043688874e-5,5.6071612244642346e-5,8.833030197134364e-5
1316,NA,0,2.0111033291145832e-5,8.09254569813124e-6
1337,NA,1.228755681540466e-5,1.5679101631716447e-5,3.696633848482409e-5
1338,NA,1.6331180789880446e-4,4.040725962280452e-4,3.9364092288892463e-4
1340,NA,2.8927033405279918e-5,2.371689259724455e-5,3.245032650018366e-5
1341,NA,9.823332635517378e-5,1.3125748018936269e-4,1.5276107633901056e-4
1342,NA,0,2.2195573165241035e-5,4.657979310631974e-5
1343,PC(17:1/0:0); [M+H]+ C25H51N1O7P1,0,8.195419836305781e-6,8.698255333876549e-6
1344,PC(17:1/0:0); [M+H]+ C25H51N1O7P1,5.603836972662553e-6,3.4494070488147924e-5,1.0502226125188056e-4
1347,PC(O-18:1/0:0); [M+H]+ C26H55N1O6P1,6.966160673130002e-5,4.985405199923684e-4,8.03216632430174e-4
1350,NA,3.3096036182444912e-6,1.5998375087741996e-4,2.1189554515333903e-4
1351,NA,0,1.8207816810123137e-5,4.506088346520749e-5
1357,Spectral Match to Lyso-PAF C-18 from NIST14,9.263790016598041e-4,2.3057919525897567e-4,1.5414842561592556e-4
1366,Spectral Match to Lyso-PAF C-18 from NIST14,0,2.034334312363634e-6,3.6314149428578206e-5
1367,Spectral Match to Lyso-PAF C-18 from NIST14,0.0036110480990307146,0.0010291267003766406,6.404501437055584e-4
1369,Spectral Match to Lyso-PAF C-18 from NIST14,6.770848165412838e-4,5.241230154237022e-4,3.770359660770067e-4
1370,Spectral Match to Lyso-PAF C-18 from NIST14,0,2.1453127712612435e-6,2.0769450533543866e-5
1371,Spectral Match to Lyso-PAF C-18 from NIST14,9.40762282589093e-4,0.0030251513318939488,0.004444813567334996
1373,Spectral Match to Lyso-PAF C-18 from NIST14,0,3.028622979333806e-6,1.2582092742627653e-5
1374,NA,2.898196710113476e-5,3.603085594209968e-5,3.575635376640754e-5
1379,NA,2.2828908014558216e-4,0.001072117176639781,0.0013780197748346546
1380,NA,1.1112022196569147e-5,2.4887454003851115e-4,4.5111641680448957e-4
1386,NA,1.0991407840679806e-5,1.818068524700157e-4,2.8262319985042643e-4
1387,NA,0,8.374621733052948e-6,2.149106655987051e-5
1388,NA,0,1.2061178399006117e-5,4.112371065826645e-5
1389,NA,4.734318951173126e-5,3.1819964141366385e-4,4.524493703906124e-4
1390,NA,0,3.8349072678761096e-5,1.146829280746471e-4
1391,NA,2.355785325331218e-5,1.0239478253704154e-4,1.7660592474938192e-4
1395,NA,2.54481516573719e-6,7.687698502413309e-5,1.1554807096661214e-4
1396,Spectral Match to 1-Hexadecanoyl-sn-glycero-3-phosphocholine from NIST14,2.7186287201054417e-6,3.954971369994302e-5,6.594770592150698e-5
1398,PC(18:3/0:0); [M+H]+ C26H49N1O7P1,3.771228251895589e-5,5.110129862944199e-4,8.299172492432816e-4
1399,PC(18:3/0:0); [M+H]+ C26H49N1O7P1,2.493045762074673e-6,1.412914566838608e-4,2.839939953752473e-4
1404,PC(18:2/0:0); [M+H]+ C26H51N1O7P1,8.399169328576261e-5,4.116453521474937e-4,6.119397029100482e-4
1405,PC(18:2/0:0); [M+H]+ C26H51N1O7P1,0,8.937060717608744e-6,4.082621846110028e-5
1406,PC(18:2/0:0); [M+H]+ C26H51N1O7P1,2.0608287952526034e-5,1.415992459505523e-4,2.5300949964501737e-4
1409,NA,6.297232251499447e-7,2.2159988322341894e-6,1.582970895353687e-5
1411,PC(0:0/18:1); [M+H]+ C26H53N1O7P1,7.369000031078126e-5,3.757555707972788e-4,7.45146756380847e-4
1412,PC(0:0/18:1); [M+H]+ C26H53N1O7P1,1.6616774020797109e-4,6.874691890714786e-4,0.0013682765738782933
1413,NA,4.0077598886086865e-4,4.3004941692304573e-4,5.672787709949095e-4
1414,NA,1.8948603308312142e-4,2.1748024139140834e-4,2.485948357300477e-4
1415,NA,1.333025749788832e-7,2.3425153268512757e-5,1.4603290400637625e-5
1416,NA,0,1.2398218930290452e-5,2.0977135468891936e-6
1417,NA,1.3664934648643186e-5,1.0440512126794184e-4,1.1247328475497457e-4
1418,NA,1.4738816695894958e-5,8.10753927756747e-7,3.6974775305972285e-7
1421,NA,2.161287328852219e-5,3.1529243967278036e-5,1.1210910337312147e-4
1423,Spectral Match to 1-Stearoyl-2-hydroxy-sn-glycero-3-phosphocholine from NIST14,4.21547070115193e-5,2.462817134947623e-4,3.9048067880067486e-4
1426,DGTS 20:3,1.406243618257583e-4,1.1873019353866495e-4,1.600088773128784e-4
1427,DGTS 20:3,2.472287271913632e-4,2.2906665988538258e-4,3.2522166508616203e-4
1428,PE(22:6/0:0); [M+H]+ C27H45N1O7P1,1.6756996457047363e-6,5.32643214988634e-5,1.1874725090835925e-4
1429,NA,0,2.6975101885184007e-5,3.574570431561727e-5
1433,NA,3.619256425770305e-5,5.69318001472206e-4,7.643287746569871e-4
1434,NA,0,6.817635151403543e-5,1.2246386338117285e-4
1435,NA,9.316704376999402e-4,0.002137888392484089,0.0030014493210467996
1436,NA,2.1841129168505525e-5,1.1537099526854663e-4,2.8505838272203243e-4
1438,PE(22:4/0:0); [M+H]+ C27H49N1O7P1,5.466115439284264e-4,0.0013156374162362529,0.0016214750260835809
1439,NA,0,4.683759646575938e-6,1.805753122630915e-5
1440,NA,2.0519798612018102e-7,6.415878926068745e-5,1.1780286226562427e-4
1441,NA,3.4083391858649333e-7,1.4965177026792048e-5,1.4312722695174691e-5
1443,NA,2.8258303467833493e-5,3.3571558116911695e-4,4.4050021519833905e-4
1444,NA,9.232264129829707e-7,7.284015202944501e-5,1.4420185675188292e-4
1448,NA,7.85432499888259e-6,1.295180141322065e-4,1.4071708050847792e-4
1449,NA,3.3624282289683554e-5,0,0
1450,NA,2.358704019054451e-4,1.0511319194967096e-4,9.448305107158396e-5
1452,NA,2.5436282933246383e-5,6.41047349390694e-5,8.397424386572425e-5
1453,Pyropheophorbide a,5.343585145747237e-5,6.72135122438886e-5,5.664801649166418e-5
1455,Lyso DGCC (18:5),1.592236955180838e-4,9.454469399511462e-4,0.0013323087513554773
1456,Lyso DGCC (18:5),1.4942852292620484e-5,2.470073318188643e-4,4.540444905477505e-4
1462,NA,3.3896109094415653e-6,6.925154147828179e-5,8.146691242178629e-5
1464,NA,3.5637768429959356e-6,7.450913707042433e-6,1.43289278656947e-5
1465,NA,8.951455892392077e-5,3.574193741691984e-5,1.1784478338167149e-5
1470,NA,9.415162263064549e-4,0.0016284768146505905,0.0015264230890425351
1474,PC(20:5/0:0); [M+H]+ C28H49N1O7P1,5.553290204360457e-5,3.57601816877425e-4,7.044147363616138e-4
1475,PC(20:5/0:0); [M+H]+ C28H49N1O7P1,1.568786151961531e-5,1.3435709159602692e-4,2.710151015568804e-4
1476,NA,0,1.1688789180900785e-5,3.64875400325675e-5
1477,NA,7.250235732557139e-7,1.5446335370009847e-5,6.408094184038041e-5
1480,PC(0:0/20:4); [M+H]+ C28H51N1O7P1,9.821677707011957e-4,0.0018527255349042146,0.002917972644524228
1481,PC(0:0/20:4); [M+H]+ C28H51N1O7P1,9.955206512718617e-4,0.002090760732520327,0.0024902700288309426
1484,NA,0,2.368130434676143e-5,5.144928216219269e-5
1487,NA,1.1293208855786484e-4,7.729931955124823e-5,1.1647199215844873e-4
1488,PC(20:3/0:0); [M+H]+ C28H53N1O7P1,1.2477514533818483e-5,2.6578235847691146e-4,4.358834399159779e-4
1489,PC(20:3/0:0); [M+H]+ C28H53N1O7P1,7.244952321686077e-6,1.2369261715978783e-4,1.970387749271443e-4
1496,NA,1.3247409395553806e-5,9.985684073413804e-7,1.4768182436083862e-5
1498,PC(20:2/0:0); [M+H]+ C28H55N1O7P1,1.1150196270872635e-5,1.421787853485788e-4,3.497050723098431e-4
1500,NA,1.350187798904208e-6,1.7531256678053117e-6,4.497161462704832e-6
1501,NA,1.094112253677177e-4,2.489880203143288e-4,1.6862096147574713e-4
1506,NA,7.131104614555501e-5,6.397219690945955e-5,1.2290856175809265e-4
1507,NA,2.330985261932857e-5,1.8198752938618664e-5,2.776603880152499e-5
1512,NA,2.170720041912341e-5,7.030642328830285e-5,7.36560062359641e-5
1513,NA,0.002807401164629113,0.0035108408537213687,0.0026384467420534747
1515,NA,1.8721267760010439e-4,4.884813692593354e-4,5.122573104281839e-4
1517,NA,2.3441097259769577e-7,1.5230638560291393e-5,3.0252949197771944e-5
1519,NA,1.3271801847028358e-5,3.926080644148579e-5,7.72266239412432e-5
1521,NA,7.098962743516933e-6,1.6850395656018053e-5,2.265738488636315e-5
1522,NA,0,6.482243650991487e-5,1.1754174144095161e-4
1525,Lyso DGCC (22:6),0.0026687767292260653,0.008705954896913125,0.011870604581747544
1526,Lyso DGCC (22:6),5.140847098920952e-4,0.0019941053298321463,0.003013675652655877
1527,NA,1.0944527356319667e-5,5.352350618542586e-5,2.8265825939143262e-5
1530,NA,2.417245296801494e-7,6.148920148048881e-5,4.883367414616239e-5
1531,NA,1.378764424276081e-5,3.787741130309446e-4,4.3212558059344187e-4
1532,NA,4.4083714935005675e-6,2.558454899467929e-5,4.6902513363626395e-5
1534,NA,9.280417740242321e-5,9.351041839425287e-5,3.395507727035277e-5
1536,Massbank:MSJ00120 Alloxanthin,6.035708328770345e-5,1.4037924897156024e-4,1.5154356500158599e-4
1537,NA,0,1.5395050768323787e-5,3.518890328058583e-5
1539,NA,7.244916099798337e-5,1.224920926685421e-4,1.2318047027058424e-4
1540,"Massbank:MSJ00106 3-Hydroxy-4-keto-gamma-carotene|4-Oxogazaniaxanthin|SCHEMBL2508529|3-Hydroxy-4-oxo-gamma-carotene|(5'Z)-3-Hydroxy-beta,psi-caroten-4-one",2.188321151007913e-5,2.8368138507207043e-5,3.008722324164709e-5
1541,"Massbank:MSJ00106 3-Hydroxy-4-keto-gamma-carotene|4-Oxogazaniaxanthin|SCHEMBL2508529|3-Hydroxy-4-oxo-gamma-carotene|(5'Z)-3-Hydroxy-beta,psi-caroten-4-one",1.5455389731013192e-5,1.1184155333956311e-5,1.0241563552980429e-5
1544,PC(22:6/0:0); [M+H]+ C30H51N1O7P1,3.7996631492172505e-5,3.543571091595078e-4,7.073576226746236e-4
1545,PC(22:6/0:0); [M+H]+ C30H51N1O7P1,1.781820992575698e-4,0.0012406063186771953,0.0022503697738146663
1546,NA,4.597329475390241e-5,4.804509299651804e-4,9.160990191456335e-4
1547,NA,1.2143221891620062e-4,0.0010358098855241641,0.0018677524884204147
1550,PC(22:4/0:0); [M+H]+ C30H55N1O7P1,8.961376054374031e-5,5.370061273745703e-4,0.001007498301979043
1551,PC(22:4/0:0); [M+H]+ C30H55N1O7P1,1.3913269752628416e-4,8.214396653307676e-4,0.0012208041378010115
1553,NA,3.3482899329052054e-5,8.67831835266086e-6,1.3357684508540584e-5
1554,NA,3.319113316084845e-4,6.164660233070277e-5,8.609283009109597e-5
1556,NA,0,6.912501824247102e-6,2.8446845823328334e-5
1562,NA,5.134998563199618e-7,3.8945239533553976e-5,0
1563,NA,1.6987203001577294e-4,4.5135967807252177e-4,4.707007698433159e-4
1564,NA,3.921237262804041e-5,1.5335728146405892e-4,1.6845619064605698e-4
1565,NA,7.435235858571526e-4,0.0014583173428638905,0.0015155289994853041
1566,NA,1.1408523323527362e-5,7.674017802975644e-5,9.290473977845043e-5
1567,NA,0,4.042569334949114e-5,9.393430337823615e-5
1572,NA,4.6230432222641454e-6,1.4433119049292211e-5,1.220809962665435e-5
1578,NA,3.633072353010627e-4,8.694883957324008e-4,0.00097989406033583055
1579,NA,1.6688939557298135e-7,4.1125054784566135e-5,9.979204823700915e-5
1580,NA,0,1.8313091031809267e-5,6.16542946407862e-5
1581,NA,2.2984989788578195e-5,5.525989051677755e-5,5.115322819780843e-5
1585,4.Phaeophorbide a,3.005781394702583e-5,1.6306014459993622e-4,2.1954987408672803e-4
1588,NA,0,8.025898664013225e-6,0
1589,NA,0,4.280739691425504e-5,1.2178175282662614e-4
1590,NA,4.8678104110898075e-5,9.843343329081337e-5,1.0247530311762902e-4
1592,NA,1.920360908104827e-6,2.8448786572287314e-5,2.875191795324091e-5
1595,NA,0.0018683340514628782,0.0017296255177152709,0.001453370082424642
1597,NA,3.8508691551388176e-6,6.281534490345645e-6,1.8227924841035836e-5
1598,NA,0,1.2782914067530387e-5,5.793913587406019e-5
1599,NA,1.2302937738629926e-6,1.282976959973669e-4,2.3444176191196814e-4
1601,NA,1.5224112167243654e-4,4.614245478285723e-4,3.482825172586583e-4
1606,NA,7.928467812628736e-5,3.400499459860659e-4,4.280607518765165e-4
1610,3.10S-Hydroxypheophorbide a,6.356367975399674e-5,1.1776697677831639e-4,1.2796335603070222e-4
1615,NA,4.16167180333149e-4,2.579184893039013e-4,2.8760869128302693e-4
1619,NA,0.002942103032037463,0.002473618626065079,0.0024788991346548625
1620,NA,3.2468367373474197e-4,6.395395203981948e-4,5.288713041789664e-4
1625,NA,6.393562124808931e-5,1.762407841074274e-4,1.5448282892833684e-4
1627,NA,0,9.196647000404534e-6,2.6260672024402017e-5
1628,NA,1.0912856981551974e-4,1.5633894681921445e-4,1.6991244782043116e-4
1629,NA,3.7024507475486896e-6,1.2374456728648073e-5,2.0304421747487266e-5
1630,NA,6.089321214847419e-6,1.532556740153117e-5,1.708948149710897e-5
1632,NA,1.2202790513501805e-4,2.3260821646657094e-4,1.8763341073109612e-4
1634,NA,0.0035952132609461786,0.003807592837353898,0.0035985794777294022
1638,NA,0.005603119157086482,0.005341200993280227,0.004393421354366115
1646,NA,4.930957564300198e-4,6.692700415327177e-4,4.940979963508523e-4
1653,NA,3.89195845889656e-5,9.030827589104717e-5,8.556182177030151e-5
1656,NA,2.6466181664404933e-4,2.8026489116071213e-4,2.8433746534607093e-4
1659,NA,0.003609729494313277,0.0034034367132653024,0.003446608099768587
1660,NA,2.0065432925807828e-5,2.177335156993201e-5,1.879323462684423e-5
1661,NA,1.694681881165811e-5,7.927071782791888e-6,1.4970054389893874e-5
1662,NA,0.009395171255526543,0.008616792922196068,0.008172139408380746
1664,NA,2.90565157718799e-5,1.4958864685020486e-4,1.7491360251000118e-4
1683,NA,7.117266319383817e-5,6.530064589260159e-4,9.936718412979378e-4
1684,NA,7.907195169257475e-6,1.0389671218980154e-4,1.9036731909239277e-4
1685,NA,0,3.735658980027536e-5,4.963802650761071e-5
1689,NA,4.295293410288776e-5,8.941248895420394e-5,9.00994623571869e-5
1690,NA,5.462484633075808e-5,2.062235301878821e-4,3.6324769771527165e-4
1693,NA,0.0022203295022608796,0.0025572438524850013,0.0025949908769769816
1695,NA,0.008011150838288678,0.009610506102356793,0.008924578035514535
1696,NA,1.2827493136745118e-4,1.360010848811111e-4,8.599423873659376e-5
1697,NA,4.755001647801525e-6,1.2226217367300044e-5,7.747895872757677e-6
1698,NA,0.002192986545982567,0.0023193078237878292,0.002019969030122165
1702,DGTSA(14:0/14:0); [M+H]+ C38H74N1O7,2.932641805010715e-5,1.2451013573543402e-6,3.2992051456091895e-5
1703,NA,2.0642838256366525e-4,2.6597209775102213e-4,2.3575288941709107e-4
1719,NA,7.122888109375033e-4,3.4579958590701435e-4,4.2898100370715285e-4
1721,NA,0,3.4007291500080006e-6,2.453517402583457e-5
1722,NA,2.2378948523774303e-5,5.719736124077996e-5,7.197941961152625e-5
1726,NA,2.9844098197777505e-4,3.2961323279479264e-4,3.128351931596845e-4
1728,NA,0.0014142062671491564,0.001445921917737125,0.00141047994197591
1729,NA,0,6.327674144983711e-6,1.670178988844163e-5
1733,NA,5.296706884106692e-4,4.917383982793438e-4,4.339635856922142e-4
1738,NA,9.991051959902392e-6,3.8985896654804374e-5,4.983820111711426e-5
1740,NA,1.3552951431323678e-5,2.8870988672844453e-5,4.7967278729158545e-5
1741,NA,9.775009807040753e-4,0.0018206553594618423,0.0015419914039109907
1742,NA,3.788074068983416e-5,1.1992866153120053e-4,1.7143850514410175e-4
1743,NA,1.2614763850949914e-5,6.153171330527655e-6,1.2929518100572304e-5
1744,PE(P-16:0/16:0); [M-H]- C37H73N1O7P1,4.8502501658609533e-4,8.524085200721984e-4,8.890311364339977e-4
1745,NA,1.1813300980524633e-4,1.882249053702279e-4,1.9553685324900477e-4
1747,NA,2.041180273602113e-6,5.144238050804593e-5,1.1993611818770342e-4
1750,NA,0,1.1206879255327364e-5,1.5665294462706646e-5
1756,NA,0.001045158050166515,0.0013278879065863533,0.0012627395349503326
1760,NA,0.0011865173624312723,0.0012916862540524514,0.0011287870141869565
1767,NA,1.1089962916156829e-4,1.6285324815136916e-4,1.728986434476692e-4
1769,NA,8.976067264894359e-4,8.766627339363959e-4,6.798999332483385e-4
1771,NA,5.426985135059072e-5,1.0623552854199499e-4,1.61962011916968e-4
1776,NA,5.375289444975092e-6,2.568693183170507e-5,4.771925819472562e-5
1779,NA,3.795541582795624e-5,6.382330273947275e-5,8.317654227404307e-5
1780,NA,1.560659917914244e-5,2.973861592900028e-4,4.633028564904617e-4
1781,NA,0,2.14170932632303e-5,5.913057728171383e-5
1782,NA,1.1160169589396915e-4,1.2124779851525405e-4,1.5031375816231568e-4
1783,NA,0,1.3136900908070695e-5,3.7577404914147184e-5
1784,NA,2.3503403630399108e-7,6.50282886309579e-5,1.462900279258263e-4
1785,NA,1.5663823771865367e-5,3.2250626413643074e-4,4.2580327693368984e-4
1786,NA,2.4580373247634218e-6,9.125800845663769e-5,1.7019806656616503e-4
1787,NA,3.552118707118749e-7,4.295985443202907e-5,6.543596377349895e-5
1789,NA,1.8194376631489775e-5,5.1453232254412144e-5,4.993889999649804e-5
1790,NA,1.3498771658396519e-5,7.687590193273657e-5,1.2941764719616542e-4
1791,NA,1.1180498006382425e-4,5.374187254391945e-5,3.371699008018754e-5
1794,NA,9.506268751513692e-6,4.952987978929548e-5,8.369830104887463e-5
1797,NA,0.003488912602647889,0.004105517976245352,0.005066476832278981
1798,NA,1.6398559490172986e-4,3.3353131270141037e-4,3.840333617557234e-4
1799,NA,2.213435854532365e-5,5.653751825593172e-5,1.0048769534805958e-4
1803,NA,6.463263926759114e-6,7.522854790266298e-5,1.2304146329233622e-4
1807,NA,3.0399225366513935e-4,0.00035296116251419736,2.872118471770962e-4
1811,NA,1.3179282456592377e-4,1.4577174916235048e-4,1.0687993891027314e-4
1812,NA,9.352293323703469e-4,0.0012984090018844934,0.0016784716915417166
1813,NA,0,1.8010241837725778e-5,4.869608852105948e-5
1814,NA,1.0524571182401374e-4,1.977278434654353e-4,2.588214977813433e-4
1820,NA,2.8161942916866983e-4,3.921141599338861e-4,3.133083844832189e-4
1822,NA,2.1519741690751556e-5,3.334512665823476e-5,3.8199260952025076e-5
1825,NA,1.5103857558710068e-5,4.724987366327734e-6,8.582768967710859e-6
1826,NA,2.778622272701413e-6,0,2.7641950665714616e-6
1827,NA,2.0824944589152558e-4,2.1857425117068614e-4,1.7547373273571912e-4
1836,NA,1.9187838686925978e-4,4.8044526416667225e-5,7.352846542235494e-5
1838,NA,1.4179176103923494e-4,4.340191297227894e-5,5.314921613263059e-5
1839,NA,0,8.258377498615781e-6,4.1006239073526526e-5
1840,NA,0,6.287513945517372e-5,1.2501234372921995e-4
1841,NA,1.0373559572978325e-5,1.0454822620304036e-4,9.161152137712987e-5
1843,PE(P-16:0/22:6); [M-H]- C43H73N1O7P1,3.7235991425778737e-6,4.242830804480451e-5,4.04497308908245e-5
1846,NA,1.993519882785649e-5,3.3079540365389506e-6,5.903320579454059e-6
1849,NA,5.311317547837672e-4,7.549805539123208e-4,5.903891871707995e-4
1851,NA,0.0022506900787397487,0.002468653347243982,0.002186420473596434
1859,NA,5.780576985269483e-4,5.993103797422978e-4,5.063511247481817e-4
1862,NA,4.4656665323327934e-4,4.1471877809699505e-4,3.8935204124866197e-4
1869,NA,2.2014846054461235e-4,2.8844465180456303e-6,3.8112927888284495e-5
1872,NA,2.6167696330112093e-5,2.4238406660563582e-5,2.6997846751609848e-5
1884,PC(P-16:0/20:4); [M+H]+ C44H81N1O7P1,1.0324665153636449e-4,3.657319015291962e-5,2.7233661967187976e-5
1893,Spectral Match to Eicosapentaenoyl PAF C-16 from NIST14,4.711339322677956e-4,1.53774615404796e-4,1.4762322176984619e-4
1896,Spectral Match to Eicosapentaenoyl PAF C-16 from NIST14,1.8298057663715836e-4,2.487388829698998e-5,3.51678960187138e-5
1912,PC(P-16:0/20:3); [M+H]+ C44H83N1O7P1,0.001229000534222563,2.872726098856166e-4,4.7864077581426094e-4
1913,PC(P-16:0/20:3); [M+H]+ C44H83N1O7P1,9.962961621124095e-4,2.648546572337285e-4,6.485206320019847e-4
1920,NA,2.4393488826625555e-5,1.1902735916233843e-4,1.3057698017784373e-4
1925,NA,0.002646984529488572,0.0027860264261422006,0.0024506164097011043
1926,DGCC (36:5),0.004278183445436962,0.004783011597126553,0.004101317677513521
1930,NA,1.5151447168683102e-5,2.8388413656400772e-5,3.0565955050610675e-5
1935,NA,1.9131832226809466e-5,4.3848569004514795e-5,3.740098687339437e-5
1937,NA,1.0060023854222652e-4,1.7193638900059297e-4,2.7738657299319203e-4
1941,NA,9.282464312705219e-5,1.1880398329039347e-4,7.721306548439206e-5
1945,NA,1.0029553841688173e-4,5.5991237097154796e-5,3.56663180252509e-5
1958,PC(O-18:1/20:4); [M+H]+ C46H85N1O7P1,6.47532357002628e-4,1.9772538317870125e-4,2.192306593666246e-4
1984,NA,0.0010718078565214342,0.0013740947907564395,0.0011601745410114608
1985,DGCC (38:6),6.561802263664859e-5,1.8144575527558957e-4,2.4212390688751751e-4
1986,DGCC (38:6),0.023697917897900194,0.022566453307381325,0.020170518273154987
1987,DGCC (38:6),7.874506532358723e-4,0.0017763467798029996,0.0020232762571547247
1988,NA,0.0012252332540020803,0.0018273532610880694,0.001164398001014744
1989,NA,4.1499872707267846e-4,5.528980419940983e-4,3.7014262809110507e-4
1992,NA,5.7733756278627536e-5,1.4082306399647057e-4,8.372386559200745e-5
1994,NA,0,1.4284628903240116e-5,3.759996922398184e-5
2000,NA,0,1.9305966303210017e-5,6.830766835714946e-5
2001,NA,9.969377323748475e-6,5.288142794791136e-5,1.127997465107127e-4
2002,NA,0,6.007959456133786e-6,1.6241577968224034e-5
2004,NA,8.273515106515382e-5,1.3452932768696622e-4,1.3814847144716404e-4
2011,NA,1.032582074584781e-6,4.3485097122438274e-5,4.112827283011715e-5
2012,NA,7.364473408767272e-5,3.9183789137080816e-5,3.730120375094237e-5
2013,NA,0.0013923516999824975,0.0017863579528735031,0.0014579813602581685
2015,NA,4.171158581155149e-4,5.828355191961327e-4,4.893812964240423e-4
2017,NA,6.506240334083579e-6,4.245465595975118e-5,7.114394622550522e-5
2018,NA,2.7122226754799206e-4,3.392673075793489e-4,2.978600298528998e-4
2019,DGCC (40:7),1.6447472650396724e-4,1.8583754894105757e-4,1.6852709459383062e-4
2020,NA,2.068519304333513e-4,2.234242634951917e-4,1.880036735019905e-4
2025,NA,8.281163930611235e-6,0,1.0873692162453395e-5
2026,NA,6.3389029813685975e-6,0,3.467765503065673e-6
2027,NA,8.005346620310034e-4,5.151178833858569e-4,4.173118409185465e-4
2031,DGCC (42:11),6.491258066179948e-4,7.754471439664974e-4,6.408233507052701e-4
2040,NA,1.420692703708405e-4,8.918294433481262e-5,6.710947793653612e-5
2041,NA,7.831596578839602e-5,2.539380973143979e-4,2.0988669325882687e-4
2047,Pheophytin a,4.5853462551394915e-4,3.6438151732728723e-4,2.7804320329446666e-4
2052,Pheophytin a,1.2189875631376948e-4,8.318838748624306e-5,5.7529000502961704e-5
2054,NA,0.0028907112809706727,0.0029728666543171176,0.0025795085705626114
2058,NA,3.01122521065247e-4,4.260831371414654e-4,3.415491401097089e-4
2059,NA,2.3438768408208863e-6,6.0404663727438e-5,8.963120685661193e-5
2066,NA,1.4068486195623802e-5,1.034512472882796e-5,3.3350807046208548e-6
2069,NA,1.7629663040363943e-5,7.435247642908371e-5,9.937764395781784e-5
2077,NA,2.42475337281144e-5,6.148415955781624e-5,4.7098738889916776e-5
2078,NA,2.769445505853679e-4,5.654588919019246e-4,4.131070443707187e-4
2093,NA,3.7482264847840555e-6,1.370526149942546e-4,2.63399842015387e-4
2094,NA,8.583066439912968e-7,6.263217004642538e-5,1.4864679660201108e-4
2106,NA,2.313625297082088e-4,0.0016620064945606437,0.0026519037082390804
2107,NA,2.10562097902896e-6,5.801687911342816e-5,1.5126939864499255e-4
2111,NA,7.286421935718665e-6,1.7340732832665492e-6,2.4964609639275995e-5
2117,NA,0,4.5166407584142205e-5,1.267992372821661e-4
