featureNumber,Compound_Name,1,2,3,0
1,NA,0.0029955533404608216,0.0022608680381800807,0.0016250157567820763,0.0022115274557632882
2,NA,6.022587788207253e-6,1.0084917919379944e-4,9.452351612917703e-4,5.7525264353689725e-5
6,NA,0.0015088425928684443,0.002997653304397182,0.003482468010445737,0.003510329962839557
7,NA,0.04968886612265021,0.02819753930909262,0.014508513898279455,0.023739058819530038
10,NA,0,1.2528369358729543e-5,2.3956092883131602e-4,0
11,BETAINE,0.030625946712492177,0.022566448167262873,0.015571052365688037,0.025517789552599753
12,BETAINE,0.24865642304726115,0.17457258432145237,0.10468359334328674,0.19117491833982994
13,BETAINE,0.034860479814527806,0.021703106308841865,0.009590562228221394,0.018260304907095702
14,2-Amino-1-phenylethanol CollisionEnergy:205060,3.124358913059842e-5,6.772916322539634e-5,2.1317150898842344e-4,1.1195319838105661e-4
15,Phenethylamine CollisionEnergy:102040,6.764461732330919e-5,3.288186868299947e-4,5.967917121842595e-4,4.669872843721366e-4
31,NA,0.07699251439400832,0.04340937019547787,0.02185249611699214,0.03690177231570065
34,trimethylammoniumpropionate (TMAP),0.0048645590706122115,0.0025713356338500928,0.0015708437691239834,0.0021277470167618863
35,Dimethylsulfoniopropionate (DMSP),1.9260770814511126e-4,2.0630676278160075e-4,1.3144538570002414e-4,4.8552222276430776e-4
36,Carveol,0,0,3.4388503192062086e-7,7.161402745031986e-4
37,NA,0.0017144827771902178,0.005978033337262028,0.008937571611404562,0.002234062644011412
41,Homarine,0.0010541632767630958,5.350877889325773e-4,3.376639793717344e-4,3.360540273824809e-4
42,Homarine,0.006012706112853795,0.0033484456277856857,0.0015736516899043033,0.002307016140814909
43,NA,0,5.513446455321172e-6,7.869324186379912e-5,9.494216557062241e-6
44,betaine,0.006060427529473262,0.006695917591640663,0.006975041642975349,0.00787615007743669
45,Massbank:LU051604 2-Naphthylamine|naphthalen-2-amine,3.3063773510856625e-4,7.159487537881722e-4,0.0011205633991033769,0.0012721431928567645
48,Stachydrine (L-proline betaine),8.112322917289526e-4,4.6233085996472286e-4,3.032070180791749e-4,2.3720386315067814e-4
49,Stachydrine (L-proline betaine),0.005017611800064312,0.002509698513702029,0.0015004149475090413,0.0011794208315940387
50,NA,0,9.264811401497446e-5,3.678776948786316e-4,1.12640425285337e-4
51,acetylcholine CollisionEnergy:102040,7.296989183123281e-4,5.687623612747817e-4,2.446303738162145e-4,9.265962228371336e-5
55,NA,0,0,3.2111895117006664e-5,0
56,NA,0,0,1.8381799812984126e-6,0.0016528094531616732
57,NA,0,3.059014817163492e-5,1.6149315440379278e-4,3.567313357999321e-5
60,NA,0,2.7321158065557427e-5,4.2238978898414696e-4,4.031090804598527e-5
62,NA,6.635294905505382e-4,1.1750284983718793e-4,1.0306021662949942e-4,1.6189485212087472e-4
64,NA,1.1398170554610324e-6,0,2.287817057543561e-5,0
67,NA,8.99359101288131e-4,3.0623637732806396e-4,2.6033959779251303e-4,8.371279302782857e-5
71,NA,5.936942896920639e-4,6.699218115581118e-4,7.158618825543048e-4,3.0200844833038723e-4
73,NA,0.0016217405661658108,8.702234127009049e-4,4.923130175971447e-4,5.197723471084731e-4
74,NA,1.530812729259985e-5,3.939513783187619e-4,0.0018399194900750014,3.539039066514028e-4
75,NA,1.6625818934917815e-5,1.7020588514410317e-5,8.440790085937015e-5,0
76,NA,0,1.852334714667007e-6,3.9653564461934375e-5,0
79,NA,0,3.6650782432625347e-6,7.298167825921217e-5,0
80,NA,0,3.916804074382918e-5,2.462305357962913e-4,3.153859247674154e-5
82,(-)-L-Carnitine - 40.0 eV,0.005883850896300964,0.003906541324103999,0.0024177456391636333,0.004158644123168879
85,NA,0,1.0214544678583075e-5,1.3402782761172516e-4,9.71358173962319e-6
87,NA,2.826649482656295e-4,3.349043739305964e-4,4.1225422107538833e-4,9.77326734847134e-4
88,DL-PHENYLALANINE CollisionEnergy:205060,1.6653574876361373e-5,2.2388727466575368e-5,1.2377646441989518e-4,3.5699209191616346e-5
89,NA,0,1.1913237923292407e-5,2.1687395949579783e-4,0
91,NA,4.498521929097848e-6,2.0209904901723468e-4,8.229633639487356e-4,1.9542473363358488e-4
92,NA,0,8.279008051818138e-6,5.3265168604331125e-5,8.115058560104322e-6
94,NA,5.957319852722029e-6,1.891004947211203e-4,5.813073745765762e-4,1.916256431530205e-4
95,NA,0,2.502329733499088e-5,2.4068449183792717e-4,3.590497185687414e-5
96,NA,0,6.714901994502423e-6,9.098787691731281e-5,0
98,NA,0.01395913058264652,0.007430695572728922,0.003870747851565745,0.007900897523697712
99,NA,4.6036925248745854e-4,2.1451837011071955e-4,1.7213872565744669e-4,1.6284338392701e-4
100,NA,0,8.137109158546314e-5,2.9050753405713235e-4,6.73250474662e-5
101,NA,3.2715667357451047e-6,1.966084249731498e-4,7.136956864327421e-4,6.643748439118221e-5
103,NA,1.3866732334884326e-6,6.179445428147619e-5,7.29622209641961e-4,2.7279940195282086e-5
104,NA,0,1.161712967713747e-5,2.489692263559612e-4,0
105,NA,0,3.515067462391673e-5,2.2090951528913678e-4,1.8782869856023397e-5
106,NA,0,1.0688198227912426e-5,8.082765883792765e-5,8.201518100294239e-6
107,NA,0.0010688279309444507,7.579183873440578e-4,4.087487000509953e-4,6.593749329656272e-4
108,NA,0.008224906629905958,0.0065256729653615855,0.005263001356157615,0.005134056261316409
109,NA,0.010251485015264027,0.005750482132469531,0.003043474489368824,0.00458947651266545
110,NA,2.872400779006368e-5,7.095508773496069e-6,1.1753709562245087e-4,0
111,"""9,10-dihydrojasmonic acid CollisionEnergy:205060""",2.9007115218307103e-4,3.940720805371537e-4,4.642582428323266e-4,1.588234440821327e-4
113,NA,3.545811576450548e-5,1.566921544307058e-5,7.669352088836526e-6,0.003654577575337118
114,NA,0,7.440908997510545e-6,1.0426777201774824e-4,1.215497748099562e-5
115,NA,0,1.7122265632699532e-05,1.239130220693502e-4,1.7490305550947933e-5
116,NA,5.009075600656294e-5,5.894301721356998e-5,1.0228922828076863e-4,0
119,NA,7.953653159306788e-4,5.452358069772381e-4,6.742758881876823e-4,4.785944144439831e-4
120,NA,0.0011150988905718926,0.0012685964678018126,0.00125258654789811,0.001676510100261699
121,NA,3.148761556220675e-6,2.2412396642990486e-4,0.0018172526862602289,1.750003769288669e-4
122,NA,4.6930865448791014e-5,1.595304093700088e-4,2.2293931029224336e-4,1.3542665684531486e-4
124,NA,5.22996072650184e-4,0.0011581976243378856,0.0012751766952050021,6.847132756441102e-4
125,NA,2.108535599848403e-5,1.854288285090814e-4,3.2719129535418296e-4,2.5154390865823396e-4
126,Spectral Match to L-Tyrosine from NIST14,0,0,3.5380330199430796e-7,6.59093694425869e-5
127,NA,5.123176549327826e-6,7.113219650137951e-5,1.9496176873126946e-4,4.9306618275167085e-5
128,NA,0,9.236362743582351e-5,2.9677345553659853e-4,3.387792303160246e-5
130,NA,1.1311574509112972e-4,1.4021061125442e-4,1.7983794782038394e-4,1.0926869902658803e-5
131,NA,3.888951017068492e-6,1.0596960778294475e-5,7.043457145694638e-5,0
132,NA,1.519488464186863e-5,1.6959252660038703e-4,3.0497838916327254e-4,2.484006329619798e-4
133,NA,0,7.299943778784673e-6,7.48361701877211e-5,1.65254379149329e-6
134,NA,1.44667595058656e-4,0.0021161055334067325,0.005327749558025707,0.0014233620621239172
135,Spectral Match to Abrine from NIST14,8.386100548817616e-6,4.3868767233135674e-5,2.0709067189899645e-4,1.9915572006508274e-4
136,NA,0,3.349503176078134e-5,3.5355894250358697e-4,2.05076108716822e-5
137,NA,0,0,3.1868372370974144e-5,0
138,NA,0,1.4581306716076324e-5,9.748852191436655e-5,0
140,NA,0,6.373015347640356e-5,7.062428159383806e-4,4.025876828549061e-5
141,NA,0,9.100566360719439e-6,8.137905016996234e-5,0
142,"Spectral Match to 2,4,7,9-Tetramethyl-5-decyne-4,7-diol from NIST14",8.046047773100162e-6,6.134985213391223e-6,7.27669888177143e-6,0.002324236303275983
145,"Massbank:EA021305 DEET|N,N-Diethyl-m-toluamide|N,N-diethyl-3-methyl-benzamide",7.086028759502959e-6,0,1.7465468760558836e-6,7.604929154770542e-4
146,NA,0,9.49736121390031e-7,2.0161189017527784e-5,0
149,NA,3.647539385097944e-5,4.9079250552205996e-6,0,0
150,NA,5.47392889861169e-5,2.869352285143801e-4,5.05579385366118e-4,2.5274073814046053e-4
152,Massbank:LU114702 Isoprocarb|(2-propan-2-ylphenyl) N-methylcarbamate,5.732493344073041e-6,3.339017513998242e-5,9.75599389694904e-5,1.037503149872877e-5
153,NA,1.1468749954033695e-5,1.5222003433533997e-4,2.830025022896869e-4,2.2327843753931642e-4
154,Spectral Match to Tetraethylene glycol from NIST14,0.0053969635566172725,0.002021424979036427,8.465345183175908e-4,0.0029645086860497377
156,NA,4.521081356603949e-5,8.238088489583515e-4,0.001962599712595035,6.180296558738606e-4
157,NA,6.321448672118018e-7,9.18391686470459e-5,3.272044253701501e-4,8.793515971515827e-5
158,NA,0,1.7509729281157596e-5,2.1911313591577178e-4,0
162,NA,3.619917615543338e-4,0.0026465111088994878,0.0064202931727692595,0.001280247148867708
163,NA,7.314357494707973e-6,2.715581891727788e-4,7.223976222854842e-4,9.977539224919947e-5
166,NA,0,1.6160875989891293e-6,3.1212691249822944e-5,0
168,NA,2.0266195296955316e-6,1.2311198886576599e-4,4.6229975711950484e-4,1.2090076074546579e-4
169,NA,0,4.689718048413354e-6,5.0369312941079556e-5,0
170,NA,1.0658244489222334e-4,4.5462022069382333e-4,6.314828076267058e-4,5.600251129191193e-4
171,NA,0.005042919644786994,0.0029224173658783576,0.0015545470199712827,0.0024341883300512575
172,NA,9.881013068783295e-6,2.8705129748979693e-4,8.704953310427829e-4,1.4182259507768168e-4
173,NA,2.5795141066889914e-4,7.554039993430086e-4,0.0010401688668746241,6.983120680514771e-4
175,NA,0,4.579553850902697e-6,7.522678797978669e-5,6.956245428378313e-6
176,NA,9.136842237739172e-6,2.8360510888900998e-5,9.442094318227201e-5,0
177,b-Caryophyllene oxide,9.210071656902753e-5,1.150424082763996e-4,9.303578757541929e-5,2.1005842143780424e-5
178,NA,1.3619490164987061e-4,4.3330198274806454e-4,8.832879745485962e-4,5.403435109597341e-4
179,Acetylcarnitine - 40.0 eV,7.532538327537817e-5,1.4726584635613778e-4,1.694928343674921e-4,1.5655371361225878e-4
180,NA,0,8.92908372898714e-6,5.8154061928543774e-5,0
181,NA,0,3.986315352027148e-5,3.816648041873124e-4,0
182,Massbank:RP000501 L-Tryptophan|(2S)-2-amino-3-(1H-indol-3-yl)propanoic acid,0,3.16497393678328e-7,3.547298892516941e-5,1.2289579491007335e-5
183,NA,2.430118527410918e-6,7.737175623742277e-5,4.3389498481814277e-4,8.480468330850723e-5
185,NA,1.1778094399851887e-4,8.783434039654861e-5,6.517841350826065e-5,1.2453035954259627e-5
186,NA,1.1906296569464013e-4,4.929016045665181e-4,9.516324729173123e-4,2.813286997828903e-4
187,NA,0.00708337010693001,0.003935662545910935,0.0022123977527806157,0.003102194248584996
188,NA,0,5.915857209070882e-5,1.1090213176900459e-4,1.520656814598896e-5
189,NA,9.128732248108155e-6,3.0127672008549147e-5,2.082596276882345e-4,0
190,NA,7.916999922008118e-5,3.862560016101094e-4,5.558036179112632e-4,4.824404921132059e-4
193,NA,5.327927824807726e-5,4.113167105962403e-4,4.812471217417315e-4,2.611203110673824e-4
196,NA,6.601008173016022e-7,5.448952939117201e-5,2.934588244559202e-4,1.7115704951376313e-6
197,NA,0.0026501496408727807,0.001252297425243113,7.016407809568925e-4,0.0010959935534486872
198,NA,1.379364952607997e-4,0.0012862075249714536,0.0024102625864374097,3.971878855956727e-4
201,NA,2.4909063553739e-6,1.4477464181844777e-4,4.4406580623912066e-4,3.3201665563609227e-5
205,NA,5.165369444167613e-4,0.0011515541778756382,0.0012288672877316662,6.926972258355668e-4
206,NA,5.531985909162507e-6,8.64209046246124e-5,1.3482285086493137e-4,1.5588696718061976e-4
207,NA,0.0032070778406295087,0.002994204996593633,0.0018636804694420952,0.0016017197719351431
209,NA,1.9104741731688987e-5,6.280023253935432e-5,8.212210080615976e-5,4.6606098490369886e-5
210,NA,0,2.9068133566809384e-5,3.96747082010644e-4,0
211,NA,0,1.981081946766429e-5,3.9998148331836915e-4,0
212,NA,0,1.4345482272768984e-6,4.304734487647209e-5,0
213,NA,0,6.1369868751038714e-6,1.113071720894979e-4,0
214,NA,0,2.6351650217483776e-6,4.824461045371931e-5,0
215,NA,1.4808168932759254e-5,3.719533659960688e-5,1.9702176745117186e-4,2.229795630262713e-5
216,NA,0,3.7197635135749065e-5,1.7819585290705731e-4,2.8688334728613812e-5
217,NA,7.173406991177524e-5,3.208035649345833e-4,4.1615059637394947e-4,1.9065737998715698e-4
219,NA,0,4.124532509774212e-6,5.1862812607947e-5,0
220,NA,2.7547261123714264e-5,6.276280148980802e-4,0.0036104144141392448,4.012476676867212e-4
221,"Spectral Match to cis-7,10,13,16-Docosatetraenoic acid from NIST14",4.6349672273276435e-5,8.929137094898324e-5,8.784283821463396e-5,5.927763724613278e-5
222,NA,2.7509244628748106e-5,2.4102645778628203e-4,4.5949800708518506e-4,3.171996016125238e-4
223,PROPIONYLCARNITINE,4.4066379737973794e-5,2.0335384651867778e-4,6.12837368605157e-4,3.0508163419408425e-4
224,"Massbank:LU042102 Ethoxyquin|6-ethoxy-2,2,4-trimethyl-1H-quinoline",7.221572927473328e-5,6.809670517932524e-4,0.0018390079223490816,3.908431906011157e-4
226,NA,3.226439846345072e-6,7.317344284933857e-5,2.613175441952658e-4,4.77167799042356e-5
227,NA,0,5.477984352873441e-5,2.325448272400748e-4,3.6856822611496106e-5
228,NA,8.485393946627e-5,3.791489876105001e-4,5.562118320707053e-4,4.943758158838585e-4
231,NA,2.3013383282655093e-5,3.9310893572005074e-5,1.346467028011106e-4,1.8249268058700844e-5
232,NA,0,4.101737619013026e-6,8.096808710171405e-5,2.398232204750737e-5
233,NA,0.0014407853464262536,0.0010433581389286259,8.415515263990741e-4,7.985717546244126e-4
235,NA,0.002306586257922761,0.01159877082380971,0.01995011889475029,0.006014739305511218
238,NA,0,6.26773168186581e-5,2.3083626661722856e-4,3.09450648300397e-5
239,NA,0,0,1.7593562151462593e-5,0
243,NA,0.0016895334642895283,0.0017576175749825038,6.305214767404569e-4,0.001076797054088165
250,NA,0,1.0890648142947083e-5,7.459574316870342e-5,8.832066696129637e-6
251,NA,0.0015919597147868942,0.002745480909304316,0.0029631349184512782,0.003128151094963934
253,NA,1.423661409986103e-4,5.153911624076302e-4,7.063875963504732e-4,6.02704189631501e-4
255,NA,0,2.988012100599745e-6,6.801187490380213e-5,1.9097620402165256e-5
256,NA,4.4262479453978504e-5,9.101802797223057e-5,9.175901990457217e-5,1.6837807855492185e-4
257,NA,0,1.8028098290518242e-5,4.4805598331791396e-5,9.4170058935081e-6
258,NA,0.0060190137599537745,0.0040112689420260484,0.002209870562001052,0.0023250325269463076
260,NA,0,6.747359679152192e-5,1.806755247086662e-4,9.868266795038588e-5
261,Butyrylcarnitine - 40.00 eV,2.3922313101217803e-5,3.63046553580508e-5,1.0891992089453099e-4,6.043471917572594e-5
262,NA,0.0010513796977599044,0.003181101079268615,0.004487592152624437,0.0014738247077227507
265,NA,0,3.437919048062905e-5,1.0185618639067066e-4,3.4156134029853266e-5
266,NA,6.760370548378663e-5,2.310462338827503e-4,3.577321596203162e-4,1.0625649527464204e-4
267,NA,2.4542356366035714e-5,3.160941337315433e-4,6.101261956315296e-4,1.1569767550738791e-4
268,NA,0.0058775409192318604,0.004471761305638434,0.002405184572082834,0.008326292587559531
269,NA,3.8926350364164064e-4,4.957856776613573e-4,3.5244958207687825e-4,2.3177404271544557e-4
272,NA,4.452386080842208e-5,1.8466203845076307e-4,1.4566010520835154e-4,1.7881577976662814e-4
273,NA,0,3.0677278058021277e-6,6.43943763935263e-5,8.862656744741905e-6
277,NA,0.0073396156518553395,0.0031538499804855615,0.0018057050450095045,0.0038910607786848727
278,Massbank:LU086203 Pentaethylene glycol|2-[2-[2-[2-(2-hydroxyethoxy)ethoxy]ethoxy]ethoxy]ethanol,0.003550156664895047,0.0014909136062530978,5.739959758407904e-4,0.001895798898424624
284,NA,0,2.2544873160758113e-5,1.3512257261827105e-4,2.343764595729785e-5
287,NA,8.124163040580179e-4,0.0010329874855753707,9.200198398552931e-4,9.945897441102024e-4
289,NA,0,6.130422171386021e-6,8.571049942918718e-5,9.145369627463146e-6
290,Palythine,0.006398021216150981,0.0033745458386534965,0.002086236916254642,0.004852620473885107
293,NA,4.3096124058260655e-5,1.0405961564031011e-4,1.0239201920906207e-4,1.2170328343125988e-4
294,NA,0,0,1.362223653593376e-5,0
295,Isovalerylcarnitine - 40.00 eV,1.7782719131341546e-5,1.095160899079699e-5,0.001062801810240632,3.9381741761006914e-5
296,NA,1.1998266075096517e-5,3.2132199554270015e-4,8.108450544406079e-4,8.17082520350503e-5
297,NA,0,6.454665762096914e-6,9.881856811152843e-5,4.246825442446673e-6
298,NA,0,0,0,3.783527730076599e-4
299,NA,2.562933907540543e-4,7.364312871382581e-4,0.0013012780440143541,6.613533493945318e-4
300,NA,9.014860627529331e-7,7.2509727501349986e-06,4.656527513650583e-5,1.3226522751706385e-4
302,NA,0,2.397163264198046e-5,1.0045588066632818e-4,5.8080176486158935e-6
303,NA,7.235314811215659e-6,8.336830805041816e-5,1.5616227000777485e-4,3.3958239307102294e-5
305,NA,3.047284447764393e-5,2.931996818078989e-4,0.0012413766763384284,2.4061816679494868e-4
306,NA,2.23355593104109e-5,1.3104552135946267e-4,4.8063272732823935e-4,6.379362894285006e-5
307,NA,0,3.5381199677710924e-6,5.4674318128455144e-5,0
308,NA,0,3.1044316766528545e-5,1.7333827348508008e-4,1.3871507495406511e-5
314,NA,0,1.3537355817828261e-5,8.983427082570004e-5,0
317,NA,0,1.3383843788984946e-5,2.32635647946725e-4,0
319,NA,3.774128818567791e-4,6.01043765132989e-4,1.7923401775957431e-4,3.185331763151888e-4
321,NA,6.917452176601788e-4,0.0010692475568395174,0.00133464453801613,0.001614030746926793
322,NA,6.773531475806883e-6,1.5506227125105683e-4,3.567630968438459e-4,3.3381173306950424e-4
324,NA,0,3.2832841297244536e-5,1.5370373495608388e-4,4.004332853458986e-6
326,NA,9.585585578361048e-6,8.322599111524465e-5,2.2648452752231668e-4,3.8500005979101065e-5
331,NA,7.254861525290896e-4,0.0021400643208104504,0.002668901147540782,0.0013617223962260746
332,NA,4.0555622757000695e-4,0.0016899813137502516,0.0019131006327417705,4.998488303926083e-4
335,NA,1.809447468725629e-6,9.467289865966365e-6,5.269425073059032e-5,0
336,Spectral Match to Pinolenic acid from NIST14,0,3.732146119595856e-5,1.2749933291094512e-4,3.1604811061024444e-5
342,NA,1.1149328913384326e-4,3.503283883445046e-4,3.524939907271632e-4,5.635213738158664e-4
344,NA,0,1.7667498984623138e-4,7.211242253774588e-4,8.360386311442201e-5
345,NA,0,3.429266756026203e-5,1.262088941231175e-4,2.0432161441252043e-5
346,NA,1.4016957952561652e-5,1.9943392072171857e-4,6.112567228367974e-4,7.828129723219562e-5
348,NA,0,1.1519978679305017e-5,6.435021703843156e-5,0
354,NA,0.004501190462713268,0.011324781340637932,0.013839577308039502,0.0057763064344764515
355,NA,1.003127398202126e-5,5.946442513843159e-5,3.0591188999445494e-4,4.3927017397898736e-5
358,NA,4.5232416652137724e-4,0.0014946096776814169,0.0022663292070494038,7.276096279980311e-4
359,NA,5.148844523422012e-4,6.090600516440996e-4,6.959900168782203e-4,2.8133122043812094e-4
360,NA,6.860229968198062e-6,5.0201057623725164e-5,1.358199864802124e-4,1.6072797220196157e-5
361,Spectral Match to Tributyl phosphate from NIST14,0.004768490921591657,0.002237375653494331,0.00120145318340276,0.0020016695751511747
363,"Massbank:EQ330403 Adenosine|(2R,3R,4S,5R)-2-(6-aminopurin-9-yl)-5-(hydroxymethyl)oxolane-3,4-diol",7.68741369180087e-4,7.476850024955784e-4,9.464819432548596e-4,0.0011491846363991083
364,"Massbank:EQ330403 Adenosine|(2R,3R,4S,5R)-2-(6-aminopurin-9-yl)-5-(hydroxymethyl)oxolane-3,4-diol",0,0,1.6775339416849215e-5,0
366,7-Hydroxy-3'-methoxyflavone CollisionEnergy:205060,0,0,6.691988055582105e-5,0
367,NA,0,2.5324983396791e-7,5.823212830199829e-5,0
368,NA,0,2.433786995313825e-6,4.385848655035181e-5,0
373,NA,6.554349857970631e-4,0.002949450366930133,0.006438174904003404,0.001531247011548982
376,NA,0,4.366655068868254e-6,9.127119524068613e-5,0
377,NA,0,7.3483622645648585e-6,1.1990510058901448e-4,0
379,NA,1.1761003508187131e-4,5.175756473063709e-4,0.0011223191511027363,2.988300659147218e-4
380,Massbank:LU030803 Lauryldiethanolamine|2-[dodecyl(2-hydroxyethyl)amino]ethanol,4.060319416444472e-5,1.926467147488428e-5,4.916198661621858e-6,0.003932275099286604
383,NA,0,2.1694716994497276e-6,3.498324957381262e-5,0
384,NA,0,6.610351745857668e-7,8.540277603166961e-5,0
386,Massbank: Nandrolone,1.7893230290410734e-4,3.325789628283835e-4,2.728835970393344e-4,1.4137354464693004e-4
387,NA,7.944689797145864e-5,2.780749535386723e-4,1.55512384092469e-4,2.054292680547424e-5
388,NA,0,5.3717291116310644e-5,1.8834633442188189e-4,0
389,NA,4.6395959805722665e-5,6.499964486225083e-4,0.00191679019968949,5.279575849490959e-4
390,NA,0.0034790476274896265,0.004846600827775767,0.0052908926108145805,0.0031836663077810983
391,NA,1.7881178114155637e-5,1.884061050341939e-4,4.090765129663823e-4,7.232408010750779e-5
392,NA,1.2948082145560821e-5,1.2180398626732803e-4,4.1420840527184007e-4,6.26787134980589e-5
394,NA,8.077103181574223e-4,0.0018952364355156615,0.0013678441751966749,8.220808466745511e-4
396,NA,0,0,2.1170907936114494e-5,1.8342607673697136e-6
397,NA,0.0011660735029125995,0.0037445604829629666,0.004760401842905528,0.0016746301194826853
398,NA,2.1770815092002973e-5,1.1736170194894262e-4,3.2420872521091913e-4,3.707883359806979e-5
399,NA,1.3853590120277198e-5,1.2045423769035783e-4,5.901167394604258e-4,4.965162123177437e-5
400,NA,0,8.264947944665973e-5,2.9503370155848757e-4,2.9530003604742383e-5
401,NA,7.968470469524131e-7,1.2069464497225682e-4,3.922083096376006e-4,1.1109675292201532e-4
402,NA,8.779456109371092e-6,5.963548678996419e-5,1.902936209842042e-4,3.1946706672691114e-6
403,NA,0,5.601134478364547e-5,2.1384984699088417e-4,3.810620363129463e-5
406,NA,0,0,2.2034822333409547e-5,0
407,NA,0,2.5260926199828897e-6,3.3056952891491254e-5,1.5110816552275573e-5
408,NA,5.2610029123199525e-5,3.736786628797263e-4,6.561398204990615e-4,1.5986391258596908e-4
409,NA,0,2.1274615161319318e-5,1.3958259591839584e-4,0
414,NA,1.1283914840209972e-5,1.3963646745776987e-4,1.6538250489860345e-4,1.8327821116223244e-4
415,NA,1.0271656717572991e-4,5.47819477654131e-4,4.463471037153175e-4,1.389017245661771e-4
417,NA,0,9.902581029712338e-5,7.979524702147803e-4,1.90490575681536e-5
418,NA,0.005047523969109674,0.004717127910931001,0.0017424937981556498,0.003256304263634074
421,Spectral Match to Hexaethylene glycol from NIST14,8.44190071983483e-4,2.792214661189017e-4,7.900314703300181e-5,4.568538842207756e-4
422,NA,0,5.397863177288913e-6,9.347664408292906e-5,0
427,NA,1.6987116084882898e-4,6.98248282182447e-5,9.412433408626857e-5,1.6344545048356925e-4
428,Palythene,0.013377454690189004,0.00985458898429197,0.009575857012487454,0.013799045730416931
431,NA,0,6.447884659089424e-6,5.9082162271387795e-5,0
432,NA,0.004905503554708489,0.012921397072111884,0.014035154151064766,0.006333002610344258
440,NA,3.130965255014908e-4,8.871213124909585e-4,7.220276314282877e-4,2.524541000850706e-4
441,NA,2.8796894543213784e-4,8.464957274645368e-4,5.465133856562565e-4,4.03832333626534e-4
442,NA,3.421629643112972e-5,3.06399711773865e-4,4.753791724174625e-4,1.9618469097053919e-4
454,NA,3.589591527415785e-4,5.104347686105747e-4,4.086772322809532e-4,2.876972787891439e-4
455,NA,8.831464684348025e-6,8.524436867205196e-4,0.002043032413739941,2.3317669763271595e-4
457,NA,1.2492920961842708e-4,1.7993992529669498e-4,4.431004543059443e-5,1.3504949474046305e-4
458,NA,1.5410828423424258e-4,3.971754746095033e-4,8.616434754722084e-4,1.0816705591038851e-4
459,NA,1.1493972770391572e-5,1.6815240111239445e-5,2.5203819721828354e-4,3.7892067635044832e-6
460,NA,0,9.961826015266086e-5,2.8200662745974146e-4,7.983028732464822e-6
462,NA,0,7.44961367216205e-5,2.792264862393838e-4,7.176898087569627e-6
464,NA,4.857811028865157e-6,1.3619444436364187e-4,4.441410684113853e-4,1.821524269654272e-4
467,NA,0,4.906077508339273e-6,4.260854812339465e-5,0
468,NA,2.445606682118785e-5,4.399619481794995e-4,0.0010023930587363644,3.3074895869500854e-4
469,"NCGC00384783-01_C17H25NO3_Azepino[3,2,1-hi]furo[3,2-e]indole-2,10-dione, 8-ethyldodecahydro-11-methyl-, (7aR,8R,8aS,11S,11aS,11bR,11cR)-",0.0017764262401983562,0.0050665079895770414,0.005415526988615032,0.0020438635064149334
470,NA,1.8187161606140822e-4,8.572474059625915e-4,6.58586288416835e-4,1.0303682082561908e-4
471,NA,0,1.4070819702444294e-5,1.0612849015294892e-4,0
473,NA,8.976719441615734e-5,7.13247137684081e-4,0.0011844689013298022,3.9670186445294516e-4
474,NA,0,8.153926421314601e-5,3.7967439055028426e-4,1.2629521273807242e-4
475,NA,2.3167483175223178e-4,6.593877543399945e-4,9.845642834366054e-4,2.729435542184319e-4
476,NA,5.899076478012288e-6,2.005640409049405e-5,4.375035355517605e-5,2.6585932946050777e-5
477,NA,6.594008857847085e-5,9.40867972831699e-5,3.817127586842049e-5,1.5721767825837893e-4
478,NA,0,9.880188799946224e-6,7.388552781428052e-5,0
483,NA,9.392244029768923e-4,0.0015259329882385355,0.001742822014134766,9.435197530819333e-4
486,NA,0,5.8320242799291866e-6,8.365465876622344e-5,1.9707759719185806e-6
488,NA,0,6.107062274033794e-5,2.1458123179534785e-4,3.706701597424025e-5
489,NA,0,5.7683412146551225e-5,5.604444792149183e-4,6.907456266685614e-5
490,NA,0,1.8748012236777398e-5,2.971054468846526e-4,0
492,NA,0,3.6543586690547834e-5,2.1704969185449142e-4,1.558874448801953e-6
499,NA,0,1.1697555781492761e-5,1.0670120365542988e-4,9.448886810759656e-6
503,"""N-[5-(2-methylpropyl)-4-oxo(1,3-dioxan-5-yl)]benzamide CollisionEnergy:102040""",7.536815028362418e-6,5.988552951417879e-6,1.2137947007534613e-4,0
505,NA,4.394618529049325e-6,5.831093059255517e-6,6.93974716077756e-5,0
509,NA,0,9.367595842935211e-6,8.556459231274927e-5,0
510,NA,0,6.86924174840408e-6,1.930161505924595e-4,0
512,NA,0,9.606189746734962e-6,1.0242022100744119e-4,0
513,NA,0,7.612741270788045e-6,9.010850976396277e-5,0
514,"Massbank:LU100203 2,2'-(Tetradecylimino)diethanol|Tetradecyldiethanolamine",0,3.044714010315285e-6,0,0.001032064225350611
518,NA,1.3877722324571203e-6,3.566746925592003e-4,8.163646367545629e-4,3.299522828124183e-5
519,Spectral Match to 8-HETE from NIST14,7.975333520539133e-7,1.7553860794550632e-5,9.466195250933065e-5,6.066181885326993e-6
520,Spectral Match to Glycerol 1-myristate from NIST14,3.822360346692015e-6,2.743884274052024e-5,1.0008440931094264e-4,3.572600362841253e-5
521,NA,0,1.4023173468956568e-5,4.631868749335341e-5,4.6188173820666776e-5
522,O-4-Methoxybenzoylepilupinine hydrochloride CollisionEnergy:102040,2.1930022075227108e-4,9.705971957794561e-4,0.003602188861834064,8.226538557720804e-4
523,O-4-Methoxybenzoylepilupinine hydrochloride CollisionEnergy:102040,7.194890084276194e-5,2.816713200751429e-4,4.0320997574379275e-4,4.9237970473574945e-5
524,NA,4.6909236524615306e-6,1.0794064454500092e-4,2.3141260782206236e-4,1.213820785250553e-5
525,NA,0,1.6298765381430386e-5,7.22655393893633e-5,0
526,dehydrohaliclocyclin F dial,2.6394189910440504e-4,8.46179960339056e-4,0.0016383441974291188,4.500104599776405e-4
527,NA,2.72396289618458e-6,2.705595389038505e-4,8.915297621606787e-4,7.372815768911697e-5
531,Spectral Match to Benzyldodecyldimethylammonium from NIST14,4.3109480080159407e-4,5.2994005894688945e-6,2.3760259262507353e-6,1.4687267370275564e-5
534,NA,1.4010300780099178e-5,5.99571230028885e-5,1.1841986721442934e-4,0
540,NA,5.726111671950104e-4,0.0026444542756485384,0.004311368722911056,0.0015751832656484418
541,NA,4.460250489674658e-4,0.0017785705926432259,0.0019388064586364107,5.1677138864571e-4
542,NA,2.5621062671546915e-5,5.2496324762306545e-5,1.1586835235444443e-4,1.1085276182187988e-5
543,NA,0,1.8793981825192492e-5,1.2271128935847851e-4,7.207372945641612e-6
544,NA,1.6656875718811036e-4,9.888033179351532e-4,0.0017669170407053586,6.808144333965404e-4
545,NA,1.7603390584156327e-5,3.059827554222979e-4,6.134854693724171e-4,3.268604210466173e-5
546,NA,1.546229977181148e-5,2.5589829379337207e-4,5.584683256802571e-4,1.5041090121078053e-4
547,NA,2.6982075994867985e-5,1.6881591519406666e-4,2.5802443593044575e-4,5.09295832815237e-5
549,NA,1.093362363329718e-4,4.2560944925739796e-4,6.402947758465385e-4,1.806953502051991e-4
550,NA,0.0017209704475958365,0.0033412938938022305,0.0022802466929071623,0.0015569206786539252
553,NA,0,1.6610352080292744e-4,0.0010707320534954843,1.690694218131497e-5
554,NA,5.6935530126638615e-5,1.0173868446358802e-4,9.487514948898506e-5,6.436239410159033e-5
558,NA,0,1.9248597397403995e-5,1.7792708354957577e-4,1.6982406031887682e-5
559,NA,0,3.193250326148205e-5,4.51908940603251e-5,0
560,NA,6.3675465260655265e-6,9.932352330222688e-5,2.460438966292965e-4,5.7559416207544255e-5
561,NA,0,8.326997177275798e-6,6.126868047937955e-5,0
562,NA,7.438985982425888e-5,8.429575206896279e-4,0.0025546530959788508,5.535805598510357e-4
566,NA,0,1.3762402274435793e-5,7.978111053693906e-5,0
568,NA,0,6.4968224043858495e-6,5.936535112645253e-5,4.969556679965874e-5
570,NA,0,8.696913347710701e-5,3.705267951874121e-4,4.98898387862016e-5
577,NA,4.8413206085253755e-4,1.860984435372155e-4,8.211925144005381e-4,2.289611529575823e-5
578,NA,4.7797118647996515e-4,0.0010060491072276581,9.252229533360948e-4,0.0015662188594993789
579,NA,0,1.2505782264928634e-6,7.88523090440732e-5,0
585,NA,3.0234532511278473e-5,7.339960784200404e-6,3.950633221366973e-5,0
587,NA,4.54532684641336e-5,0.0014375125557240568,0.0025454534756016904,3.519627800759455e-4
589,NA,2.9081066249421633e-6,2.52254824053311e-4,0.002001827311034093,1.6450217224477055e-4
590,NA,8.137966048954773e-6,1.9471489573605135e-4,5.744694124763617e-4,1.2703490192274208e-4
593,NA,3.191823237682645e-4,4.803677183037082e-4,3.7154968082217044e-4,5.635618213788247e-4
597,NA,1.621598387569781e-5,8.497706793278725e-5,2.1164423313361965e-4,5.273141309196072e-5
598,NA,8.22199343167636e-6,3.4547638478909737e-05,7.486415287956934e-5,1.3085382320387515e-5
599,NA,6.082076565227045e-4,8.792477859125585e-4,2.4441705443658786e-4,6.771669625188063e-4
601,NA,0,2.7189830894327166e-6,7.101522228189867e-5,0
603,NA,0,3.545508661215271e-5,1.733258942931214e-4,1.1412328301304123e-5
605,NA,0.012384660213451037,0.024376795329069677,0.028394016668597224,0.013872976824805719
606,NA,7.88784576362797e-4,0.0016204296002016504,0.0014735723350448454,4.413731270847136e-4
607,NA,3.4980427423916507e-6,1.2948542038220307e-5,1.445934717655668e-4,2.0237378827029932e-5
608,NA,2.0146090529470818e-5,2.4326524990380438e-4,5.144578950692741e-4,2.0059775398449504e-4
615,NA,0,4.8359311820027734e-5,1.585244223843962e-4,1.468996157719918e-5
616,NA,0,3.0478562100653707e-5,2.9373467196140907e-4,3.74851544985394e-5
618,NA,7.504437552758495e-4,0.003274152671222567,0.004963573397594735,0.0017794451005712867
619,NA,7.228283216955062e-5,1.0785905649260786e-4,2.0535225779865003e-4,8.547084096126775e-5
620,NA,1.9545952046267837e-5,1.1270509807873631e-4,1.402363800371433e-4,3.3045093433253355e-5
621,NA,2.3907951318075883e-4,2.9982408123678045e-4,4.943987142171376e-4,5.00648731618208e-4
622,NA,1.2087389121181338e-4,2.081755750503085e-4,1.864859470004619e-4,3.0668108969134936e-5
623,NA,1.1868117814347217e-5,1.7219882338401904e-4,5.844493879141336e-4,1.4302438299065284e-4
624,NA,2.698646199538248e-4,0.0014526637666708957,0.001660710547016976,7.0647081701506e-4
625,NA,0,1.4479738679569984e-5,1.9362382857296967e-4,4.216191759665229e-5
626,NA,6.390334405590008e-5,9.744547513593991e-5,1.363318287962673e-4,3.8801239450545075e-5
629,NA,2.8928184467866398e-6,7.424057015151725e-5,3.2291535513611524e-4,3.414652566351904e-5
630,NA,2.8928184467866398e-6,9.276042440725787e-5,3.299328488789215e-4,3.316144169669814e-5
631,NA,1.9294756004565982e-5,3.378981957705356e-4,4.6926266326201136e-4,1.198179452403362e-4
632,NA,0,2.5381606109580958e-5,6.277004110764399e-5,5.957387438487483e-6
633,NA,0,2.951990795167535e-5,1.2607563557787772e-4,8.69653749501776e-6
634,NA,7.838629214487844e-6,2.6177076714085923e-4,5.684777394242026e-4,1.3242996683028355e-4
635,NA,1.0254976127511053e-4,3.39939817282899e-4,6.55085041616423e-4,1.5930979539633544e-4
636,NA,1.7587261001955467e-5,1.184189354553241e-4,1.571237270560527e-4,5.5285716432902766e-5
641,NA,0,4.644236283934271e-6,6.592528482669882e-5,2.0318389999700565e-5
642,NA,0,6.117424948950614e-5,2.8541752223841136e-4,9.615538520287223e-6
643,NA,0,3.0008980859468555e-5,3.1039948951651364e-4,0
645,NA,1.934555328207924e-5,5.658834245495199e-5,8.985866595391626e-5,3.745689538622591e-5
647,NA,1.9923179879817742e-5,3.2503937274252375e-5,3.194216765836104e-5,3.19606614835252e-5
648,NA,3.566897323312577e-6,6.262866159870896e-5,2.0790532832328274e-4,2.241604094310288e-4
649,NA,0.0014725699339876675,0,3.51716279620445e-7,3.19907072547071e-5
650,NA,1.013115400661869e-4,3.4678697049123433e-4,4.838351719582517e-4,3.7475966965338093e-4
652,NA,1.4088719237671007e-5,1.4354667947475853e-4,2.3253239803838679e-4,6.949187108364382e-5
653,NA,9.942442661688895e-4,0.0011028972863717783,6.932190235914332e-4,4.5176354998093676e-4
654,NA,1.843730865377909e-5,6.334169705101463e-5,8.158327698811712e-5,4.867461673269223e-5
655,NA,0,1.4897460803495552e-4,6.649453752960936e-4,0
657,NA,8.503205899566727e-6,3.0406162361606205e-5,6.525574215889991e-5,1.5632906952707813e-5
660,Massbank:PR310583 Hetisine,0.0010150840116594272,0.0016156060286225669,6.496039194084605e-4,4.5100614565818115e-4
661,NA,2.2841368645599194e-4,0.0022543735322125206,0.005971451374812633,0.0014330480853483036
662,NA,0,0,0,3.186535593416607e-4
663,"Massbank:LU017202 4,4'-Sulfonylbis[2-(prop-2-en-1-yl)phenol]|Phenol, 4,4'-sulfonylbis[2-(2-propenyl)-|4-(4-hydroxy-3-prop-2-enylphenyl)sulfonyl-2-prop-2-enylphenol",0,0,0,4.744246301775118e-4
665,"Massbank:LU017203 4,4'-Sulfonylbis[2-(prop-2-en-1-yl)phenol]|Phenol, 4,4'-sulfonylbis[2-(2-propenyl)-|4-(4-hydroxy-3-prop-2-enylphenyl)sulfonyl-2-prop-2-enylphenol",8.575604581994721e-4,3.820883749382231e-4,1.265218414964425e-4,0.028074395445242116
669,NA,0,5.974352266159572e-6,8.377654224590096e-5,4.669507954334571e-5
671,NA,4.8530752953148254e-5,3.4037011168830053e-4,4.2305292548754705e-4,2.0783770476177598e-4
672,Spectral Match to Eicosapentaenoic acid ethyl ester from NIST14,0,4.584046742514485e-6,2.017272482277579e-5,0
673,Spectral Match to 1-Hexadecanoyl-sn-glycerol from NIST14,3.4823493930601953e-5,1.1367000972027146e-4,1.952245356391364e-4,9.530581461683046e-5
678,NA,0.00344797852528155,0.009133043287891815,0.008197326962850368,0.004210133548308053
679,NA,6.32334618737632e-4,0.0011582801650942536,8.481414649481925e-4,3.253621079060881e-4
680,NA,2.0704454928027212e-5,8.50735288337233e-5,3.265709615626748e-4,9.075507786303414e-5
681,NA,6.398661209343702e-6,6.931876812916218e-5,1.9088039727376647e-4,2.055095937284936e-6
684,"Spectral Match to Decynediol, tetramethyl, di(2-hydroxyethyl) ether from NIST14",0,0,0,6.286710099600053e-4
687,Spectral Match to Benzyltetradecyldimethylammonium from NIST14,0.001056491249516637,9.431859215590542e-7,0,2.2437221204052006e-5
688,NA,9.291105148933605e-6,4.378446156821776e-5,4.396330718566216e-5,3.8249406159786826e-5
689,NA,0,2.187649048100046e-5,2.3438709400333478e-4,1.4250664348364652e-5
690,NA,0,1.5193197005645311e-5,8.043011089138257e-5,0
691,NA,0,2.9072192347970937e-5,1.6836615634368302e-4,4.68936715569745e-5
692,NA,0,3.447370393977018e-5,3.029953646664671e-4,4.602246435040413e-5
693,NA,1.216580977028052e-4,9.356340647138756e-4,0.0012810219000786035,3.999925612084021e-4
694,NA,0,8.061031195077865e-6,5.5296636957607624e-5,0
697,NA,4.3858427168197726e-4,0.0028595278280146457,0.0063386117046602105,0.002566359346981426
698,NA,0,1.9480176597840425e-6,5.623206501080252e-5,0
699,NA,0,1.2413997405514283e-4,5.492386569624909e-4,1.0377794323776022e-4
700,NA,1.0101772465364964e-5,2.781697217268915e-4,9.819573007668206e-4,2.8158821334572606e-4
701,NA,2.8795972676219303e-4,4.040712143439259e-4,3.023144221513937e-4,2.85844851381386e-4
705,NA,0,5.648802035634702e-5,4.301811538814232e-4,4.857058987076452e-5
706,NA,7.699416727412646e-4,0.002601337780088693,0.0033659422759148394,9.967176595619565e-4
707,NA,0,0,0,9.766982952088975e-5
709,NA,4.62828060673194e-5,4.409196640724604e-4,6.144292525291211e-4,1.9027355962689726e-4
710,NA,7.270219031632942e-7,1.281913118470875e-4,1.2821802020618727e-4,5.809159516270304e-6
711,NA,0,1.3802620796588856e-5,1.326731658845702e-4,0
712,NA,5.39465371793551e-6,1.1825630952924123e-4,2.3864608338669164e-4,3.132435416835204e-5
713,NA,3.0233892472840175e-06,8.332604853262427e-5,1.667549397509876e-4,2.8215556722323718e-5
717,NA,1.3948810556395216e-5,3.1085546994937555e-4,8.301396497406294e-4,2.709511733955191e-4
718,NA,5.1038047726098154e-5,1.2279525740186597e-4,1.8160628088885304e-4,2.9103294948502544e-5
719,NA,7.803434358318861e-5,2.0118718587034589e-4,1.767482809065929e-4,1.1293982134203786e-4
720,NA,0,1.3852284238292288e-5,8.663471550275e-5,1.9525582475193394e-5
723,NA,0,3.8766120464590175e-6,3.3889301190160744e-5,0
725,NA,7.090638796729019e-5,3.737430603380824e-4,6.29303955836138e-4,3.3446243033075226e-4
726,NA,2.8290691839579856e-5,0.00027880858895348377,3.9666132277010456e-4,7.606783068446344e-5
727,NA,0,8.217433024273685e-6,9.246117135309761e-5,0
728,NA,5.940702181191077e-6,3.262265084993791e-4,0.0010166812808747132,9.954174476601573e-5
732,NA,0,1.3601725585541087e-6,1.8382834489772332e-5,0
733,NA,0,3.126562855782223e-5,1.825984177529883e-4,1.1906434760164243e-5
734,NA,5.852690859209217e-5,0,0,0
736,NA,5.655739055287458e-4,0.0013955567549199918,9.558579950286774e-4,6.324975219090281e-4
738,NA,0,0,0,2.904129255402e-4
739,NA,0,3.095893550916274e-5,2.6474708357540345e-4,2.398632135302867e-5
740,NA,1.9376834105762377e-4,7.630350425971821e-5,1.5924072997935442e-4,1.724017669471332e-6
750,NA,2.5518264126852064e-6,1.6302722324320292e-4,3.3210819060032747e-4,7.752228765343511e-5
751,NA,1.0585936133204093e-5,1.8541093993954744e-5,6.221348115415792e-5,0
752,NA,1.0322391890708314e-4,3.105977107310849e-4,2.616598093897784e-4,6.432260915564821e-4
753,NA,2.4323432956357095e-4,6.53238448173928e-4,6.11884753262575e-4,9.743449864942584e-4
754,NA,6.230330912878092e-6,1.4705867653826192e-4,8.134770754111137e-4,1.904074992122035e-4
755,NA,5.573056369120573e-7,1.7613066973295506e-5,7.440117807169421e-5,1.506144879508402e-5
757,NA,1.8100250887848174e-4,3.652604281612716e-5,1.0520170301245412e-5,2.3084415992575579e-4
763,NA,0.007058368657748155,0.005669709797408292,0.004366085195047923,0.005573845716784515
765,NA,5.639612710605087e-5,6.613826442428646e-4,0.0014296430615055606,7.153411090342573e-4
768,NA,0,1.2727392203693093e-5,1.0142225740959518e-4,1.6239464397803363e-5
769,NA,2.944701635320557e-4,0.0016380542173069347,0.0025784362033209832,0.0010141328124910701
770,NA,5.7479508645704714e-5,1.039831210134515e-4,2.9028468245001694e-4,1.001538227429929e-5
771,NA,3.2061251260621866e-4,0.0010693838890283764,0.0010072247939034644,9.098128784575802e-4
772,NA,4.880079311645478e-6,1.4867027182868966e-4,7.260631096452318e-4,1.3203060687321614e-4
773,NA,0,5.187851515045518e-5,1.901562971235678e-4,3.804064605356032e-5
775,NA,0,3.586846547547648e-5,1.9543312087659555e-4,1.9416699613759966e-5
778,NA,1.9658089253644063e-4,1.0233199613464066e-4,2.9770369203577322e-5,0.009209985454732764
779,NA,4.324299293063059e-4,0.0021357533178511827,0.0028624528126057172,0.0012241559884264752
780,NA,1.649179874834196e-5,4.1209297787516444e-4,0.0010850888873426153,3.6283361654074816e-4
781,NA,1.3721048357160214e-4,0.0011257658349455592,0.001660113095140263,5.031296848064621e-4
782,NA,1.270659062599228e-4,3.3786487463333706e-4,3.186002537816802e-4,1.9005765292453325e-4
783,NA,0,3.1395540443252745e-5,1.7358761313094475e-4,1.4866145598151308e-6
784,NA,0,7.366362740446227e-6,6.585110659971447e-5,0
785,NA,7.915959523512392e-5,5.92347055711423e-4,4.4983948466723034e-4,1.5212710242331793e-4
786,NA,1.19709700567701e-6,8.760574040340882e-5,4.770236614385547e-4,8.753999553147505e-5
787,NA,1.371137550974605e-4,5.482348586195617e-4,8.474315874759566e-4,8.642384486269428e-4
793,NA,0.004659449334117363,0.004463337064522184,0.00433126491604319,0.0037171597661411135
794,NA,8.394273682475953e-6,7.577850096851096e-5,1.521847602053436e-4,5.378459036345685e-5
795,NA,4.666746387847913e-5,1.1263191688751437e-4,1.021890039452363e-4,4.274891262806803e-5
797,NA,6.258454861705098e-4,7.284160122660839e-4,3.2138298064299855e-4,5.32714267127108e-4
798,NA,8.294206438343204e-5,7.153318846976436e-4,0.00179993941546654,4.773224415789956e-4
799,NA,1.0369137887903644e-4,8.573966208481771e-4,0.0022355359470392086,4.4874334975347383e-4
800,NA,0,1.593589651525134e-5,1.0899451608228004e-4,0
801,NA,0,1.7754888669341233e-5,2.2178071140881828e-4,2.10376054195275e-6
802,NA,5.916081306817811e-6,3.5970662857773517e-4,0.0024548033248297995,2.206217405122127e-4
803,NA,0,4.426602479880596e-6,5.144024336792584e-5,0
804,NA,0,6.182369641997634e-6,4.2309654943656794e-5,5.414194753669756e-6
805,NA,0,9.827462390224426e-6,8.924090830013674e-5,3.324224550337922e-5
806,NA,1.5805942442056586e-4,4.272467349772803e-4,6.735104491506606e-4,6.000805143563791e-4
807,NA,0,1.3213249431582778e-5,9.403373700905345e-5,4.9665559785255374e-5
810,NA,0,7.69439220429285e-7,2.4073825390244974e-5,0
811,NA,2.3458527154716197e-4,0,1.0394727436332675e-6,0
812,NA,3.167460921687252e-5,5.303719806503723e-5,4.5842372030245395e-5,1.0399156653186358e-4
813,NA,0,6.720193132033614e-5,2.594486003781921e-4,2.7243699971047324e-5
817,"Spectral Match to Monolinolenin (9c,12c,15c) from NIST14",9.903609001221008e-5,3.5915119426556776e-4,4.986274858378352e-4,2.2149745261039168e-4
818,"Spectral Match to Monolinolenin (9c,12c,15c) from NIST14",1.0009132123265428e-5,3.039838755112811e-5,1.0432078044514235e-4,7.25362805502385e-6
819,"Spectral Match to Monolinolenin (9c,12c,15c) from NIST14",0,2.6984752691815054e-7,2.1790463146592997e-5,0
821,NA,2.910401674261878e-6,4.474498474758508e-5,0.00013028450110356689,7.800643274305544e-5
822,NA,0,6.484812417817469e-6,1.1052272282735577e-4,1.4731229861130425e-5
823,Bucharaine CollisionEnergy:205060,6.997681829899449e-5,5.297822379631342e-5,2.986919846667856e-4,8.169942888824666e-6
824,NA,2.2791885889294564e-4,7.948042240799316e-4,0.001317975369063966,3.423069990038425e-4
825,NA,0,2.1489052216981817e-5,6.712984671987553e-5,2.1722801223302863e-5
827,NA,6.007665739960647e-5,2.3941137370228795e-5,1.4869962117964217e-4,1.3411612149199007e-6
828,NA,6.0830760456117014e-5,0,0,0
832,Spectral Match to 1-Linoleoylglycerol from NIST14,1.1032685100351257e-4,1.345472092760581e-4,1.0247518352714935e-4,4.7776996530862866e-5
835,NA,0,4.4900860121750076e-5,1.4871137184749541e-4,1.6597673998326555e-5
839,NA,5.483334500929574e-6,6.241348497660029e-5,1.3315110028529266e-4,6.865400299266419e-5
840,NA,4.908127503922024e-5,3.100795113446374e-4,2.3965523260305712e-4,9.062648091315778e-5
843,NA,1.2546664436097316e-4,1.7311548469212791e-6,0,1.0876863989977596e-4
845,NA,0,6.227335145431503e-6,1.186943877000546e-4,0
848,NA,5.896122963786675e-7,2.7346229969973568e-5,1.4086479291917082e-4,1.7642360533648822e-5
849,NA,0,1.6666827009900263e-6,0,9.98026237670469e-4
850,NA,0.002013563780047872,0.007684078258219181,0.009172902665557106,0.0037677979918471546
851,NA,1.1243613081241114e-5,1.9673047344604387e-4,8.699560279183259e-4,1.680842190064093e-4
855,NA,6.729380816571127e-6,7.142585212947586e-5,2.9982588708965443e-4,3.8003830712036494e-5
856,NA,2.165990675472731e-6,4.221341877761904e-5,1.3361350613750366e-4,3.6095439394751994e-5
857,"2-(2-hydroxybut-3-en-2-yl)-3a,6,6,9a-tetramethyl-2,4,5,5a,7,8,9,9b-octahydro-1H-benzo[e][1]benzofuran-4,5-diol",1.623884282296102e-4,1.1056433328411546e-4,7.419533886221273e-5,5.024549733834472e-4
858,NA,0,6.938817108675671e-6,4.267486558186824e-5,0
864,NA,5.229590669271472e-6,6.797576993911087e-5,1.456503826865475e-4,2.797185177055848e-6
865,NA,8.4857288528421e-4,0.00279705690373165,0.0034190282253870378,0.0019250329869117593
866,NA,1.4728218948762938e-4,7.882933128768725e-4,0.0010113908759991372,1.5436155252052e-4
868,NA,3.1524332964674772e-6,4.544737253083918e-5,1.4408626582439212e-4,8.31309380689398e-5
870,NA,1.3936615986292664e-4,0.0011784994656572757,0.0018677295740493216,7.517756184197513e-4
871,NA,0,2.3912702826859544e-5,1.2996501337152902e-4,7.012970731682854e-6
872,NA,0,9.728696220055201e-5,3.1222951420153885e-4,3.224835412164134e-5
873,NA,0,1.898992832563273e-5,6.798414268774282e-5,1.1180178439844125e-5
874,NA,0.0011768169287865022,0.0011497381977717558,7.365297352029663e-4,8.613425137798934e-4
878,NA,2.415424819473954e-4,0.001348042480585339,0.0013581035327189179,3.8867103703795733e-4
879,NA,2.8216563774376164e-5,9.77572816997909e-5,5.802195879435323e-5,0
880,NA,0,1.380985429211413e-4,6.17604773746467e-4,7.603692186833844e-5
881,NA,2.9827961872752834e-4,0.0027557068227977207,0.006483628783719483,0.0014526489622586252
882,NA,0,3.053198994861038e-5,1.036246562312256e-4,1.3332431347894063e-5
884,NA,0,1.2028633927447223e-05,5.2741925747354414e-5,0
885,NA,7.0441939710938585e-6,1.4620522660813045e-4,4.402847931069467e-4,1.259964561798072e-4
886,NA,1.0837540399342471e-4,5.942611636320544e-4,0.001850965391675087,5.177131392260937e-4
888,NA,7.312275279059398e-6,1.0169338960124947e-4,1.4624389671803007e-4,6.813442661025353e-5
889,NA,2.3940410504111387e-5,8.74620606517557e-5,1.8786946737343562e-4,2.0258168656671447e-4
891,NA,1.1213709825651969e-5,1.2625332603124532e-4,1.8282783875481277e-4,2.4868972024731243e-5
892,NA,0,2.0323909373339392e-5,1.7320526120965675e-4,4.504980030239576e-5
896,NA,0.0010523279905140287,6.21768841002549e-4,0.0012212593122733725,1.0024353323023699e-4
897,NA,9.617556365646309e-5,4.094047041622986e-5,1.530632393039164e-5,3.3844858243309224e-4
901,NA,2.68927908882933e-4,5.361253278851737e-4,6.904434489640532e-4,8.640859200588093e-4
908,NA,0,6.0726956890344306e-5,7.791375751917381e-5,1.7231067644056072e-5
909,NA,5.18469665926284e-7,3.074709868514152e-5,9.011724197702448e-5,1.5697670724805623e-4
910,NA,0,6.118403370851951e-5,2.1748997344068685e-4,1.9116571103615196e-5
913,Massbank:RP025402 Tetradecanoyl-L-Carnitine|L-Myristoylcarnitine|(3R)-3-tetradecanoyloxy-4-(trimethylazaniumyl)butanoate,7.784936226245645e-5,1.647042781339121e-4,2.5949414207123735e-4,2.6678288207343667e-4
915,NA,4.849655672158469e-5,1.0373938831977998e-4,1.2348580486866426e-4,6.399093052309551e-5
916,NA,1.4749874282023271e-6,2.388448806282083e-4,7.086836708241179e-4,1.4935952034501843e-4
917,NA,0.002436737679300423,0.008461571174826243,0.010851707196691788,0.0046989165033171154
918,NA,5.353129988886424e-5,1.537198922203305e-4,2.1641543331975139e-4,8.192711130112296e-5
919,NA,5.540655103826462e-5,1.4499489115463128e-4,1.9877482506190376e-4,7.815777594528457e-5
921,NA,0.0010339499588397033,0.003901798237910463,0.0029686239709600074,0.0018670674171773305
922,NA,4.5951726766133956e-5,3.193175789702181e-4,0.0015044049466615068,3.181958757382479e-4
923,NA,0,7.236599564965929e-6,6.700899353361887e-5,2.987722276465913e-6
924,NA,0,1.6225929281973503e-4,7.667923286638812e-4,1.4504225807476833e-4
925,NA,0,1.0225792426936755e-5,1.3903195264177576e-4,0
929,NA,1.1108336439107079e-5,2.4614721134853335e-4,8.925416277951191e-4,1.281764939351107e-4
930,NA,0,5.5039907048748576e-5,1.8338741839834545e-4,0
931,NA,4.015882602061805e-5,4.598077477662762e-4,8.387352613449868e-4,2.243986001362905e-4
932,NA,0,8.329866944740627e-6,1.0245605918434057e-4,2.0804245535731025e-6
933,NA,9.706626162681931e-6,1.4479959250656875e-4,2.9044882337469347e-4,1.244678150587839e-4
935,NA,1.4281906158816854e-6,6.988387874047879e-7,6.480257112282539e-6,0.0021981489245503937
938,NA,0,2.877082941244663e-5,1.8746661476215626e-4,8.037744883428362e-6
939,NA,0,4.63643652340538e-5,6.291953272662667e-5,4.525489197679294e-6
946,NA,0,4.731153999350443e-5,1.8913466600048437e-4,5.351174717187914e-5
947,NA,1.2874948221222818e-5,2.2656542018449622e-4,5.280401090824406e-4,7.968035840834281e-5
948,NA,5.745998110936914e-6,2.169545473687257e-4,4.615757592423721e-4,9.050608184598438e-5
949,NA,5.928206098287246e-5,3.7321770051785695e-4,0.001314319730857377,3.1867100474679185e-4
950,NA,8.857762985733179e-6,4.903417524457461e-5,9.930843116182478e-5,3.3149965833093675e-5
951,NA,0,7.768439652785146e-5,3.756722397363562e-4,4.132507960634203e-5
952,NA,0,6.432041990231342e-6,8.246714611756256e-5,0
954,NA,4.8913612816338464e-5,3.2322511944040083e-4,7.766396520717362e-4,4.4081211985007676e-4
955,NA,8.891193740169365e-5,3.24143207731198e-4,3.932885111850962e-4,4.124455605443863e-4
956,NA,3.7348408979281247e-6,7.152586510626115e-5,1.273210688846603e-4,1.4597011168100783e-4
957,NA,5.885831326600987e-5,3.1723487003895587e-4,5.005980419916985e-4,6.069844185168821e-4
958,NA,1.134365066049328e-6,4.4348995301802296e-5,1.7330569040116246e-4,3.884816455521733e-5
962,NA,3.428130894757027e-4,0.002506830184145113,0.0042797237282116525,6.251057878897912e-4
963,NA,3.252628465469551e-4,4.955002767673093e-4,1.7730659134131103e-4,2.7858336651635687e-4
964,NA,5.8049022555994574e-5,3.5801522831819654e-4,5.536647191580651e-4,1.0313208986948131e-4
966,NA,7.174296560202287e-4,5.866096146820997e-4,2.823715526837923e-4,2.0987171902981346e-4
968,NA,0,2.602634922410907e-5,8.976624989391937e-5,2.5314181470608975e-5
969,NA,0,8.408936827832203e-6,1.1186381959541214e-4,0
970,NA,0,1.596653901687323e-5,7.545372935853847e-5,5.682717437644694e-6
972,NA,0.001385229057417637,0,0,0
977,NA,2.7490711020299453e-4,2.2808340037439853e-4,0,2.8130786811801444e-4
978,NA,3.063035939665301e-5,6.352644549371058e-6,1.7983719182043838e-6,3.654446508368191e-4
981,NA,0.0020822298418150054,0.008823796202441758,0.013685228116191935,0.009355603932237888
982,NA,0,1.640978323037571e-5,2.3568484904264438e-4,3.925346070766867e-6
983,NA,1.6994001695471492e-5,4.5272104398797993e-4,9.92485302241929e-4,3.123442594038842e-4
984,NA,7.638424678225775e-5,0.001085465025292639,0.002452880750969696,8.863301897608407e-4
985,NA,0,0,1.365783944305094e-6,6.228415112915657e-4
986,NA,0,1.3856731745983276e-5,4.9095970490208124e-5,8.540822583039164e-6
987,NA,1.046855636048223e-4,4.8561362533669185e-4,7.207521694285364e-4,9.274059123369648e-4
988,NA,2.958550279217391e-6,8.615165098374946e-5,1.9887472784412187e-4,1.347145105073968e-4
989,NA,0.002687085404721705,0.007815076024159926,0.007464007739341183,0.003357388811570543
990,NA,3.002687151113225e-5,4.152396299971901e-4,0.0014435821304009833,2.51973825007028e-4
991,NA,1.8589827632175277e-4,7.130107963355014e-4,1.825400410789095e-4,2.3991217369696992e-4
992,NA,0,3.6658387689608747e-6,7.103669388462363e-5,0
994,NA,2.862567044770914e-4,3.437872572527969e-4,2.2180408594757166e-4,2.7883889862001824e-4
996,NA,4.8254037841077434e-4,0.0015215234055815892,0.001584300883056232,0.0012717591712439282
997,NA,3.071558191481318e-5,1.2530180574768846e-4,4.197540128545799e-4,1.762133435921215e-4
1000,NA,2.696319167498988e-5,1.6443467216800968e-4,5.216192574307681e-4,1.0442684290036996e-4
1001,NA,0,3.776379148739735e-5,1.731469927611261e-4,0
1002,NA,0,1.2178556954766065e-4,5.817968049147041e-4,4.68477885568753e-5
1003,NA,0,3.021674367189028e-5,1.1151910712056733e-4,2.4519761273804967e-5
1004,NA,0,7.2030550123281604e-6,8.399953943398308e-5,0
1007,NA,0,1.2671682606205592e-5,1.4897080684694384e-4,0
1008,NA,1.564990899703397e-4,3.5889052341977356e-4,2.484537379490047e-4,4.300197525138099e-5
1010,NA,0,4.849892644583749e-5,2.709144077548784e-4,2.4356032927056418e-5
1012,NA,7.84175857156372e-5,6.716250308443793e-4,8.01103008462419e-4,3.601476502341358e-4
1013,NA,5.756030343071917e-5,1.2789533001291109e-5,7.458549358616878e-5,0
1014,NA,0,4.875376409694251e-6,5.8759229210410815e-5,0
1015,NA,2.6310978200101223e-5,1.7821673425269386e-4,2.303410968936834e-4,1.1929529781496979e-4
1016,NA,1.1354217406388992e-4,0.0010836969418656151,0.00206260128531538,0.0010606715133224713
1020,Spectral Match to Tris(2-butoxyethyl) phosphate from NIST14,9.875301188313782e-5,2.551289190479791e-5,4.491266373417703e-6,0.004721390179399194
1022,NA,7.961362417189155e-6,3.4302289268599745e-4,0.0010230538033947237,3.601555006185823e-5
1023,NA,0,0,0,3.5827525122046925e-4
1025,Palmitoylcarnitine,0.0015019280092007504,0.0014740662722569405,0.0015141900792681553,0.0022321019059360955
1028,NA,0,4.479410120322428e-6,3.5844874114902135e-5,2.746719169176561e-5
1029,NA,0,0,0,0.0013720187222066539
1031,NA,3.885549083442603e-6,7.570860156795811e-5,2.0195085972010918e-4,4.737090682832798e-5
1032,NA,0,4.466559721816453e-6,5.510932813518752e-5,7.44452811336363e-6
1033,NA,4.876919726707823e-5,4.8710700861950764e-4,0.001502159286004661,3.8861180137066473e-4
1037,NA,0.006158014781432477,0.00845363984697495,0.00806382030617698,0.008850583832026639
1038,NA,2.3316649330649693e-4,4.265592987229493e-4,2.9683138726240346e-4,4.273806265564121e-4
1039,NA,0.004183655761026423,0.006034778332444375,0.00455633668165281,0.007191682901533795
1040,NA,0.0011211135762222604,0.00274591727904019,0.004547547877253428,0.0019214885065055817
1041,NA,1.2127514023558245e-5,1.6089810884510424e-4,2.8977245040205527e-4,2.312583175534711e-4
1042,NA,0.001017714818646424,0.0010034576203080334,6.167593619614912e-4,8.813047341351408e-4
1043,NA,3.81916136259826e-4,0.0021163357566785297,0.003798362614555788,0.0014159589564426386
1044,NA,3.999987014468641e-4,0.0019150723386475868,0.0029893367915590796,0.0013578207522055765
1046,NA,0,1.3627764370012957e-5,1.73088143295131e-4,1.5422873837797537e-5
1048,NA,3.5614795900308047e-4,9.214517379831803e-4,0.001505477384397238,0.0010520651876738845
1049,NA,1.6761919430078392e-5,1.2660908756488164e-4,5.294929874797013e-4,1.0929895219715811e-4
1050,NA,2.3303500704090682e-4,3.61347421100505e-4,5.763344097546459e-4,6.45469141375571e-4
1057,NA,3.266385628214703e-6,6.52624015311312e-5,2.5876436925639757e-4,5.597784683861929e-5
1058,NA,8.209974737356482e-4,0.0025672519669148693,0.003324468947895047,0.0012381672883529393
1062,NA,0,1.2809458828055737e-5,5.294947743690053e-5,1.2677370269970247e-5
1066,NA,0,3.765417502576136e-5,2.568263702170351e-4,2.3503749753071824e-5
1070,NA,0,3.453822048510934e-5,1.0419130878032704e-4,2.0553382348555518e-5
1075,NA,8.897786895380847e-6,1.2208484350550267e-4,1.960703050063534e-4,4.675859383847168e-5
1076,NA,3.049704475753722e-5,2.8343611572899494e-4,5.409879586523686e-4,1.005619664352329e-4
1077,NA,3.824579582633766e-6,7.579517419175197e-5,2.424796054418377e-4,2.6016170165480224e-5
1082,NA,3.691335192207734e-5,2.1624719424865525e-4,4.568607938731591e-4,1.961871495193843e-4
1084,NA,1.265807709337855e-4,2.8170838829771395e-4,1.3754791451286107e-4,0
1086,NA,0,6.1693860754543436e-6,2.4227758295817563e-5,0
1089,NA,3.559243725630875e-5,1.816719890625821e-4,2.767896241761842e-4,1.5450303738898062e-4
1091,NA,0,5.463304607467388e-7,2.6657678735282112e-6,0.002263717587888673
1092,NA,0,4.5025742836452794e-5,1.7378830900178192e-4,1.1942216397415893e-5
1093,NA,0,3.6631962898492496e-5,1.5135541247847614e-4,0
1094,NA,1.625446464123852e-5,1.6475516862248267e-4,5.040000262758733e-4,1.7719017104399638e-4
1095,NA,2.010215289655853e-4,4.784199014026985e-4,4.336318948058952e-4,1.607130353999408e-4
1099,NA,9.376440380680008e-5,2.660238253087272e-4,2.4553448892734007e-4,1.6183966298454906e-4
1100,NA,7.923267930546181e-4,0.0015060029032206216,0.00147950156845334,0.0014803009603407348
1101,NA,7.376194682752556e-6,0,3.178688796674912e-7,4.348806788394185e-4
1104,NA,8.446068124641325e-4,4.2829449860070723e-4,2.2783812554440436e-4,3.0875392488390963e-4
1105,NA,1.0614309562978608e-5,9.189250606225689e-5,1.7246817049935224e-4,4.31369586113267e-5
1108,NA,3.114297159368151e-4,2.0251943496355155e-4,1.4393645862096293e-4,3.7004582576416436e-5
1109,NA,3.534998389815227e-6,5.195226536867396e-5,9.08572163846657e-5,1.4416364816186378e-4
1110,NA,0,1.1810784020331033e-6,2.8672978153561914e-5,0
1112,Massbank:RP025602 Stearoyl-L-Carnitine|stearoylcarnitine|3-octadecanoyloxy-4-(trimethylazaniumyl)butanoate,1.0910027249185845e-4,1.8545572952320606e-4,2.1647653508160482e-4,2.6970381043847603e-4
1113,NA,2.7434009789420622e-5,0,1.3946799141530955e-4,0
1116,NA,4.6925736583817786e-5,1.788900823036472e-4,4.313645948837063e-4,1.7970113760768e-4
1117,NA,6.04390249074342e-7,7.829629790835118e-6,1.218033178671206e-4,0
1118,NA,1.979178349586694e-5,4.9365998257758864e-5,1.0257913817037683e-4,9.577033234063632e-5
1120,NA,0,1.5751164330520412e-5,1.0842040407952808e-4,2.4241423214910244e-5
1122,NA,9.997613942962225e-4,0.001844292429249674,0.001217987261998361,0.0018303640092814353
1123,NA,1.7956624705623182e-4,6.335645022025241e-4,0.0010266663729958066,3.8513864511287033e-4
1124,NA,0.002401305653684873,0.003425603276144136,0.0028356309066417396,0.00300558760838537
1125,NA,5.4724540474943595e-5,1.0379253312203426e-4,5.524045577709661e-5,7.901707236214855e-5
1129,NA,0,2.291817874271227e-6,5.236720286538388e-5,0
1130,NA,0,1.1462473716372239e-5,2.1518719083317095e-4,0
1131,NA,0,3.5452149785290486e-5,1.5424451449062116e-4,1.6522178332904794e-5
1132,NA,1.7428682326348492e-4,4.7605157838251166e-4,6.401937503916978e-4,6.41117622979375e-4
1133,NA,8.931949810311673e-5,2.1212594971504252e-4,2.0938501381459983e-4,3.9888302973322553e-4
1135,NA,0.0017790258955987328,0.0015734856669755311,5.300363873583896e-4,0.0010153455390116987
1139,NA,0,9.279426325271972e-7,3.06615079912425e-5,0
1140,NA,0.009020618588783965,0.010980990182987899,0.011357035264939497,0.009712184334506916
1143,NA,4.944060703703621e-5,2.3527390151809762e-4,3.472173278441346e-4,3.45625469893298e-4
1145,NA,0.0010037509084070576,3.20050539710108e-4,1.64898594511354e-4,3.927840471796045e-4
1146,NA,0.029847917607816174,0.02745242282722341,0.019711753273893705,0.02235592400436262
1151,NA,9.311682167275538e-6,3.907363728992767e-6,1.1222341069287239e-6,9.312822992909401e-4
1153,NA,2.839334423102627e-4,3.2315267791156954e-4,1.702433402425933e-4,7.886974310214485e-5
1155,NA,1.3411678008770622e-4,6.524495937076351e-4,0.001292358562760222,5.405065056488406e-4
1156,NA,3.299946966831109e-5,2.596031999473223e-4,5.697553954981052e-4,8.851487528719567e-5
1157,NA,5.8581360875902275e-5,8.850451569011905e-4,0.00178645160158255,4.260702491963389e-4
1163,NA,9.07894496161116e-7,5.1550833981415054e-5,2.0007032591370697e-4,2.132648435978205e-5
1169,NA,1.6820430453398552e-6,1.3606016147492446e-5,9.576003285290152e-5,0
1171,NA,0,8.131386214525231e-5,2.1959401844605744e-4,1.7140959509089464e-4
1172,NA,8.652913827968931e-6,1.5815320276182107e-4,3.22195901111421e-4,1.2793935131004207e-4
1180,NA,7.73761755695323e-4,0.0016324588045057464,0.0016440500087418746,9.588395225054701e-4
1181,NA,0.02154795744067367,0.02548364322551265,0.02180803126296731,0.028434875298176013
1182,NA,0.0039560340199685596,0.00726841666490856,0.010395174916922337,0.007495476832940588
1183,NA,0.0014960539193431153,0.0016813357673925897,8.964209634225394e-4,0.0021140208445427026
1184,NA,0.014418515257182641,0.01568653462913027,0.009612610953506464,0.020332460467433797
1185,NA,0,2.65119994171955e-5,8.012219456952396e-5,8.892917265561714e-5
1186,NA,0,0,0,2.3474108081039338e-4
1190,NA,1.3467633686966034e-5,1.6003190840855916e-4,2.847884636417588e-4,2.1555327971863159e-4
1192,Lyso DGCC (14:0),1.782773776933965e-4,1.112129818462984e-4,9.789574165462188e-5,2.743838569451153e-4
1198,NA,0,0,2.631828703214889e-6,6.624139534418492e-4
1204,NA,6.851739002698293e-6,7.309128872021998e-5,1.271655290565498e-4,5.220910019917109e-5
1219,Spectral Match to 1-Myristoyl-sn-glycero-3-phosphocholine from NIST14,2.8759559208568757e-5,1.0499313609528542e-4,2.577979350625424e-4,8.283262441871927e-5
1221,NA,3.734816116692765e-4,4.6357885162613785e-4,5.535001027404053e-4,4.1453136499551454e-4
1222,NA,4.668446285255219e-5,8.676912504048465e-5,2.4183970091520054e-4,6.738127055691986e-5
1223,histamine-C23:1,1.0229226449838275e-5,8.649933307060575e-7,2.6315748163378817e-7,6.085976856796656e-4
1225,NA,2.2464634428078097e-4,3.17396880081124e-4,2.4345643022300988e-4,8.529844575307278e-5
1228,NA,0,2.8001360779945376e-5,7.601124387166153e-5,4.7058441091576346e-5
1229,NA,2.4227812289246727e-5,6.74427704246704e-5,1.3722393467984249e-4,1.626768613424914e-4
1230,NA,0,5.387871274781832e-6,3.788421074099582e-5,2.797664922397351e-5
1231,NA,4.283777619384771e-4,9.358385843060573e-4,0.001409260539494786,0.001028844844824736
1232,NA,0,1.5253243830972453e-5,9.336113231717718e-5,0
1235,NA,3.2481634627893253e-6,6.185566935872036e-5,1.957544873231374e-4,3.974552764597198e-5
1237,NA,2.0737768975134048e-4,2.8640791286130437e-4,2.5170803211496364e-4,9.480053003950857e-5
1239,NA,0,0,0,3.669662223023365e-4
1240,NA,1.4880421767212123e-5,1.423067053992351e-4,2.474708983196649e-4,3.564759612441519e-5
1241,NA,0,0,1.2251646616437447e-5,0
1243,DGTS 16:0,0.0015958842287343744,0.0016137492847915907,8.906752564814561e-4,5.618963102045009e-4
1244,DGTS 16:0,9.455885909173517e-5,1.238668670116258e-4,8.582582845674998e-5,5.502150277912369e-5
1245,NA,1.6378106475843467e-4,7.243938717599925e-4,0.0012192420730874596,8.612708423758464e-4
1246,NA,1.1511574336239114e-4,4.652701940768439e-4,5.992173673505848e-4,5.664743897248575e-4
1250,NA,3.0615290280740974e-4,0,0,0
1257,Spectral Match to 1-(1Z-Hexadecenyl)-sn-glycero-3-phosphocholine from NIST14,0.007684625342228975,0.00962883318443609,0.013558595275014849,0.009749051102852147
1258,Spectral Match to 1-(1Z-Hexadecenyl)-sn-glycero-3-phosphocholine from NIST14,0.0075574274625857685,0.00923427907742388,0.010389958584424324,0.00947777668710395
1259,Spectral Match to 1-(1Z-Hexadecenyl)-sn-glycero-3-phosphocholine from NIST14,0,2.9398471078145944e-7,3.296974857941017e-5,0
1266,Spectral Match to 1-Hexadecyl-sn-glycero-3-phosphocholine from NIST14,0.04606315932733272,0.046290288517736485,0.04987026162592094,0.043637272248025466
1267,NA,0,2.870053637117444e-5,8.068438124613015e-5,1.2887946450379937e-5
1269,NA,4.7703001031075597e-4,1.6812548044996343e-4,3.465139639276738e-4,3.4134563683191224e-4
1270,NA,3.3518693345255105e-4,2.1133989115016308e-4,2.008752113579726e-4,3.592695291777647e-5
1271,NA,9.760622577909828e-4,2.0240134414833115e-4,1.0870143038956642e-4,1.5374581465295336e-4
1272,NA,0,0,7.5669965172021644e-6,0
1277,NA,1.7850646945733042e-5,6.37230204482753e-6,1.979417773925969e-6,0.0012637362403302211
1278,NA,1.5281369487860143e-5,2.0984029285549745e-5,4.290892849746656e-5,1.0011174103638779e-4
1279,NA,6.977665085922871e-5,1.0677553422246669e-4,8.80809879988147e-5,6.208682104923389e-5
1280,Lyso DGCC (16:0),0.02216813434344479,0.014000132383919704,0.0074054651617354895,0.02264100863757608
1281,Lyso DGCC (16:0),0.002592287483982932,0.001669610513462239,8.998113551967521e-4,0.002941716651174288
1283,NA,0,0,0,1.9699273095933633e-4
1286,NA,0,1.4930766731465615e-5,1.1748398538464615e-4,0
1287,NA,0,1.1931427784952918e-5,1.0376704618252528e-4,0
1289,NA,0,3.913472554665552e-5,1.724766089838284e-4,1.2799187858778907e-4
1297,NA,0,5.4939392810314475e-6,3.033041635452988e-5,2.2248532965441424e-5
1298,NA,0,0,0,3.357242646036925e-4
1299,NA,0,8.420563233699091e-6,1.2637640310946813e-4,1.6466606063898626e-4
1300,Spectral Match to Lyso-PC(16:0) from NIST14,0.008893894224174682,0.01070656661832624,0.013777653524535756,0.010097632725503623
1301,PC(0:0/16:0); [M+H]+ C24H51N1O7P1,0.0015906779003593376,0.0019198535388004771,0.0027599332699891205,0.0021189712190993848
1302,NA,1.261004352092126e-4,1.3431605786007688e-4,1.0209887998900401e-4,4.81184625872069e-5
1303,NA,2.0163771351358034e-4,2.920718367269726e-4,2.3095214746635844e-4,8.052143575271046e-5
1304,NA,2.6448610829676243e-5,6.497947947985975e-5,2.3940439603803372e-4,6.190217759669472e-5
1306,NA,0,5.690119228005332e-6,4.808678607136598e-5,0
1308,DGTS 18:2,0.002498896923875214,0.002528262030134339,0.0016681110744322907,9.902090532946555e-4
1309,DGTS 18:2,5.189532812405651e-4,5.885883289438635e-4,4.635279631542609e-4,2.143302564880916e-4
1314,NA,8.429262849658766e-4,8.396305481594228e-4,5.006924153804912e-4,1.7281721315697368e-4
1315,NA,1.246553118790248e-4,1.612857364722266e-4,1.3637683722135527e-4,5.04695958529856e-5
1316,NA,2.7384859347150696e-6,2.361389020640789e-5,0,0
1319,NA,4.365463426854298e-6,4.831910384356679e-5,1.1214089649091878e-4,2.739684248627495e-6
1321,PE(20:4/0:0); [M+H]+ C25H45N1O7P1,2.712890184779826e-5,4.79588276150593e-5,6.0806294072581716e-5,1.493425993676833e-5
1331,Spectral Match to 1-(1Z-Hexadecenyl)-sn-glycero-3-phosphocholine from NIST14,7.545882998823914e-5,1.4271757070296486e-4,1.407852604187942e-4,1.959970511858185e-4
1332,NA,5.629330635444733e-5,2.704799378842792e-4,2.726453819343171e-4,1.3144712742441388e-4
1336,NA,1.996775246419285e-5,5.35280512084725e-5,8.256284876945686e-5,2.8968304188295596e-5
1337,NA,4.292701985608116e-5,5.794397503556467e-5,4.4530437700101995e-5,4.466254861547367e-5
1338,NA,5.244994882207043e-4,3.5358390033365353e-4,2.304047058246472e-4,3.592577721740742e-4
1339,NA,0,0,7.757991112433039e-5,0
1340,NA,4.8937041805429136e-05,1.1197221031198016e-4,1.278734731966364e-4,6.832827126988755e-5
1341,NA,0.0012168801045995498,0.001326489666441641,7.993981868215523e-4,5.190029180930499e-4
1345,NA,5.059980025874171e-6,1.596211934762638e-5,4.053001947787462e-5,9.712464800902556e-6
1347,PC(O-18:1/0:0); [M+H]+ C26H55N1O6P1,1.2823652147973816e-5,9.34586477691626e-5,2.710944070474328e-4,5.694100602322295e-5
1349,NA,7.972721773699569e-6,1.6887989673653218e-4,3.774401826712161e-4,1.5167816856108721e-4
1350,NA,6.981231890535435e-6,3.4699808706880285e-5,4.839117119699951e-5,1.0729977151206915e-4
1354,NA,1.2268689769901116e-5,6.181387486269939e-5,1.2045028899275907e-4,5.465500705078312e-5
1363,Spectral Match to Lyso-PAF C-18 from NIST14,9.305284382123934e-7,1.2367670242136484e-5,2.2809911729755548e-4,3.9993186024704675e-5
1366,Spectral Match to Lyso-PAF C-18 from NIST14,0,4.234721552586907e-6,4.689376703439197e-5,3.194897438689622e-6
1371,Spectral Match to Lyso-PAF C-18 from NIST14,0.0015853177278330511,0.0019380797353396376,0.003138853858939019,0.002279978530744886
1372,Spectral Match to Lyso-PAF C-18 from NIST14,0,7.352352054974059e-6,2.749115017337182e-4,8.51362512621375e-6
1376,NA,4.848273078500852e-4,5.569187149490496e-4,1.9560746413975353e-4,1.2136700029473035e-5
1379,NA,4.1831022709996326e-4,6.431458511611186e-4,5.870196088455685e-4,6.606781916188542e-4
1380,NA,0,1.1062250980925379e-5,6.60969508533802e-5,3.474715830851874e-5
1382,NA,1.2801142966291022e-5,8.938846176100431e-7,0,7.328324795535362e-4
1385,NA,0,9.671090349457319e-6,6.708145805936576e-5,0
1388,NA,0,3.967810361060661e-5,7.533193010738419e-5,8.634176313901878e-6
1389,NA,1.3782124405143563e-4,1.526952496237805e-4,1.2725070664158718e-4,3.6190400309496756e-4
1391,NA,3.3384619687416124e-4,8.038753503925187e-4,0.001098929655931455,0.00151066777546809
1392,NA,0,4.710333775627828e-6,4.1129848166566595e-5,0
1394,NA,0,0,0,2.557819832959257e-4
1396,Spectral Match to 1-Hexadecanoyl-sn-glycero-3-phosphocholine from NIST14,1.2039684824068379e-5,6.093167432616191e-5,6.839187109729182e-5,2.1573490744151186e-5
1397,NA,6.384734525198393e-6,5.760321653734068e-5,5.932735945301528e-5,5.677938009698691e-5
1398,PC(18:3/0:0); [M+H]+ C26H49N1O7P1,1.786843573699196e-4,6.702275752335575e-4,9.77445839530397e-4,3.412221646517385e-4
1399,PC(18:3/0:0); [M+H]+ C26H49N1O7P1,1.02588275640021e-6,8.064735989491427e-5,2.1215613656845267e-4,2.7010756115015187e-5
1400,NA,1.745573751448776e-4,1.499527000308678e-4,7.262679354994726e-5,4.055383937949456e-4
1401,NA,0.0027695461397332652,0.001527217547423983,8.317047854194218e-4,0.004249162369810483
1404,PC(18:2/0:0); [M+H]+ C26H51N1O7P1,5.631662303884089e-4,7.064768830203981e-4,6.426101111879085e-4,2.2932781084358098e-4
1405,PC(18:2/0:0); [M+H]+ C26H51N1O7P1,5.693338779352187e-5,9.720821690967172e-5,7.426546121320335e-5,7.03259326692818e-5
1406,PC(18:2/0:0); [M+H]+ C26H51N1O7P1,1.1121870825249622e-5,2.8896478073665412e-5,6.380621099634574e-5,1.3506906868501337e-5
1407,NA,0,1.321712270498101e-5,1.066523904827802e-4,0
1411,PC(0:0/18:1); [M+H]+ C26H53N1O7P1,2.68295367455513e-6,1.7683175723502774e-6,1.9145787320515058e-5,0
1412,PC(0:0/18:1); [M+H]+ C26H53N1O7P1,6.794381572626529e-5,1.1757651389775623e-4,2.1058432040471926e-4,4.024025812621772e-5
1413,NA,0.0017259567867937415,0.001684310298406086,0.0010551025566118864,5.651104583783699e-4
1414,NA,2.4608349320549497e-4,2.830805296545326e-4,2.3754668322694772e-4,1.0467090135199817e-4
1415,NA,4.177322368632273e-6,1.8988316782356205e-5,8.502485933914154e-6,0
1419,NA,0,0,2.349282652548845e-5,0
1423,Spectral Match to 1-Stearoyl-2-hydroxy-sn-glycero-3-phosphocholine from NIST14,2.1043141246458044e-4,2.896542966846861e-4,5.107860416212468e-4,4.23599357346912e-4
1424,Spectral Match to PAF C-16 from NIST14,2.600213848266295e-5,8.305224632081954e-5,1.7230097354561453e-4,7.450586398568115e-5
1426,DGTS 20:3,1.503438672555919e-4,1.8276134895856127e-4,1.5992466759889837e-4,6.338079318200222e-5
1427,DGTS 20:3,0.001345815533637118,0.001128216807271623,5.900183611737077e-4,4.2263114998578353e-4
1430,NA,8.64219169892312e-6,0,0,4.403771362354996e-4
1431,NA,4.962148678663698e-6,6.555654357882507e-5,1.750183086825205e-4,2.5775856090617087e-5
1432,NA,5.251373891965383e-5,3.0406274625616696e-4,5.057382353170416e-4,9.062042343062114e-5
1433,NA,6.864149110183051e-4,0.0013596194641618219,0.0016898534581183163,0.0019613088563029896
1434,NA,0,1.3063277215910067e-5,1.080848437053854e-4,5.860121697171008e-5
1437,PE(22:4/0:0); [M+H]+ C27H49N1O7P1,0,6.50626254561762e-6,1.678196917301148e-5,0
1438,PE(22:4/0:0); [M+H]+ C27H49N1O7P1,8.798999762713252e-6,2.701835762392817e-5,4.670809210831664e-5,2.1155894924007577e-5
1439,NA,0,2.0462149881275493e-5,1.424375526774618e-4,9.397766558222811e-5
1440,NA,3.018942465788185e-4,6.078872428167658e-4,8.341962166347255e-4,8.475682878110473e-4
1441,NA,1.9143142370233132e-4,3.110951949294961e-4,2.438118524745565e-4,2.4140919516552493e-4
1442,NA,0,1.3148642042003803e-6,2.3617848966561084e-5,0
1443,NA,2.3932522960814283e-4,5.840719906492894e-4,7.25397104324609e-4,3.698344675393671e-4
1444,NA,1.7673219432822033e-5,5.652410592915389e-5,1.8719852475370863e-4,3.154066077104148e-5
1445,NA,2.455906154636764e-5,9.105009158839467e-6,3.4454112219683857e-6,0.0015604617274652143
1446,NA,0,3.098105462924594e-5,1.241792620572424e-4,1.1308509472167988e-5
1448,NA,1.1483088688136315e-4,3.2337678527710116e-4,2.8918346841939706e-4,4.538390283431353e-4
1449,NA,0.001475880110249791,2.858155603979193e-4,2.7514297982182045e-6,0.026704830794052205
1452,NA,2.1743243963540446e-4,2.4838899444276565e-4,1.674668891669796e-4,9.298043373657809e-5
1455,Lyso DGCC (18:5),8.883712073119399e-4,0.0013881131342803538,0.0013942029920074822,0.0011259883525186907
1456,Lyso DGCC (18:5),5.093947326775578e-6,1.0615874168585417e-4,2.6316785554875806e-4,1.1885244938520341e-4
1463,NA,0,1.945603365957543e-6,5.941733173740281e-5,0
1464,NA,8.489963998820884e-6,7.644719425734541e-6,2.3769036826340736e-5,0
1465,NA,1.4115917835701985e-4,4.302164671040094e-5,7.823349938042573e-5,1.1747608957746424e-5
1466,NA,4.9140167321572166e-5,1.51413661521179e-5,2.3339135300958108e-5,3.862902926534749e-6
1469,NA,0,0,0,1.8961182705688065e-4
1474,PC(20:5/0:0); [M+H]+ C28H49N1O7P1,5.7253554802147754e-5,1.5655074886633622e-4,2.0285147204469547e-4,1.973655674046553e-5
1478,NA,0,3.694579481062827e-5,2.5650475382800095e-4,0
1480,PC(0:0/20:4); [M+H]+ C28H51N1O7P1,4.6318442974534744e-4,9.061810934077655e-4,8.528544261207418e-4,2.739520261641842e-4
1481,PC(0:0/20:4); [M+H]+ C28H51N1O7P1,2.4687424250682032e-5,9.963591363734612e-5,1.6875722779793677e-4,1.8007214976225347e-5
1483,NA,0,2.77586049597552e-6,4.30186277852847e-5,0
1485,NA,0,0,4.5820176907313565e-5,0
1488,PC(20:3/0:0); [M+H]+ C28H53N1O7P1,5.305929257653781e-5,2.092988891465304e-4,3.5487331365361926e-4,8.98556702202548e-5
1489,PC(20:3/0:0); [M+H]+ C28H53N1O7P1,0,2.1087500353177364e-5,7.78062215650434e-5,6.4348108944566055e-6
1490,NA,1.5220584982896176e-5,3.859441835676238e-5,1.847841278132547e-4,1.284336357498982e-5
1492,NA,0,5.064699702768322e-7,5.545171696936331e-6,0
1494,NA,4.1235562201712356e-5,3.835357009116219e-5,2.6139690763149146e-5,1.6204011492165332e-4
1498,PC(20:2/0:0); [M+H]+ C28H55N1O7P1,6.270070556631093e-7,2.2575671420287762e-5,7.914833432731116e-5,8.594228677476773e-6
1499,NA,0,0,7.5703972027974055e-6,0
1502,NA,0,0,0,2.1461255434929085e-4
1504,NA,8.887109568741114e-6,5.6637341797198305e-5,4.3672393238744327e-4,2.700968037045217e-4
1506,NA,5.570456470596039e-5,7.599722132751342e-5,4.2915144117681125e-5,1.804123591425718e-5
1513,NA,0.0010265880502186452,8.305641107371546e-4,6.143395987991882e-4,9.46144019663432e-4
1516,NA,0,1.5522982534538888e-6,2.2059721045467996e-5,0
1518,NA,7.528519432044187e-6,8.138485655299276e-7,0,6.486192174259707e-4
1519,NA,5.477482448226998e-5,1.0439760057599053e-4,1.1992368323145253e-4,5.427706019830081e-5
1520,NA,0,1.7293503477256621e-6,3.169823446913565e-5,0
1525,Lyso DGCC (22:6),0.010327395375258569,0.010780097014390703,0.010239135846005306,0.011954929454610724
1526,Lyso DGCC (22:6),0.0010857078972876981,0.0013519161162975568,0.0016359677870295558,0.0015339875317576003
1528,NA,0,1.5345346245684545e-5,5.299898055409339e-5,1.690273519931554e-5
1533,NA,1.1469948284626053e-4,1.509872742380867e-4,3.686310311518885e-5,6.225217924858987e-5
1534,NA,2.1017291612569373e-4,2.2780781907358878e-4,8.688712627169649e-5,2.693878652730707e-4
1544,PC(22:6/0:0); [M+H]+ C30H51N1O7P1,0,3.4200504347629826e-5,1.9832112521326817e-4,2.4811154430645504e-5
1545,PC(22:6/0:0); [M+H]+ C30H51N1O7P1,5.344068836522762e-4,9.153021848510731e-4,0.0014225128311460764,8.656577702348243e-4
1546,NA,2.854204681291523e-6,8.46105051507386e-5,2.1366124571001974e-4,1.3507299252409582e-5
1547,NA,1.1956567943781196e-4,4.960931696795592e-4,6.610002023584245e-4,1.5101903554753067e-4
1549,NA,3.6002745251832677e-6,0,0,3.71627063007404e-4
1550,PC(22:4/0:0); [M+H]+ C30H55N1O7P1,5.983128258042864e-6,5.2387722906857184e-5,1.5040967791282907e-4,2.2488862361050954e-6
1551,PC(22:4/0:0); [M+H]+ C30H55N1O7P1,1.6536752679727884e-4,4.998434700693769e-4,6.957954957663411e-4,2.0018584252353257e-4
1555,NA,2.5214716666124963e-5,2.443798356243974e-5,2.212954176283094e-5,9.591441592657255e-5
1556,NA,0,1.7923822412247215e-6,2.501147564657529e-5,0
1557,NA,2.30420091080423e-5,8.578452354971667e-6,3.8818779582494935e-6,0.001515597897227126
1559,NA,0,9.347251455954499e-6,7.323574048784975e-5,0
1560,NA,0,4.210260001033359e-6,5.971065853557903e-5,0
1565,NA,4.97204486662916e-6,3.790799369973992e-5,9.223106886380462e-5,9.778125485365041e-5
1567,NA,0,1.4315481758652759e-5,9.378593344537293e-5,8.920465748027501e-6
1569,NA,0,1.0035010370486335e-5,3.0084549964018237e-5,0
1574,NA,0,0,3.480418078689705e-6,4.717451929365653e-4
1577,NA,3.3697346079072646e-6,1.1121987612510213e-4,2.9180176920915005e-4,3.6926238817485324e-5
1584,NA,0,8.388773138527413e-6,1.0236043446878521e-4,0
1591,NA,0,5.803435858200395e-6,7.119164512987387e-5,8.626063849579575e-6
1600,NA,4.468100948983741e-6,0,0,5.816780541979733e-4
1606,NA,0,7.057035964605478e-7,1.349640132660909e-5,0
1611,NA,0,1.5274237295227233e-5,8.624504444071567e-5,0
1615,NA,4.0588617297164135e-4,1.3307562168496555e-4,1.1077546379158078e-4,7.196284129895002e-5
1617,NA,0,0,1.406614832087418e-5,0
1619,NA,0.0011843461228579523,8.839167985709224e-4,5.864206273738e-4,7.091439514691706e-4
1621,NA,0,0,1.6106811713957773e-6,2.6286598018143036e-4
1622,NA,1.8549288233491538e-4,6.007643704650111e-5,5.527428309370558e-7,0
1626,NA,2.0718204041336555e-5,7.594686525544217e-6,3.2822938627627967e-6,0.0014206538609647463
1629,NA,7.49203886837898e-6,1.3853692771398283e-5,2.365035368601237e-5,1.696954844278649e-5
1630,NA,5.977204048331127e-7,8.006519741043287e-6,1.933182250189976e-5,1.2236672000813905e-5
1632,NA,7.72571966178686e-5,1.0687813093455824e-4,5.509521535972061e-5,2.676877990087454e-5
1637,NA,0,5.115074054898579e-6,7.97153329004349e-5,0
1638,NA,0.001498639453713841,6.63501425704768e-4,3.7912750208311477e-4,6.169301460229094e-4
1639,NA,1.4081849021707896e-5,0,3.360447526470298e-5,0
1642,NA,0,2.5501232718256343e-5,1.1763975735167922e-4,0
1643,NA,1.834733231598669e-6,1.0458666131893861e-4,2.567546892733914e-4,3.1139657013373287e-5
1648,NA,0,5.6978721799903215e-5,1.7256608406668994e-4,1.510799606240434e-5
1649,NA,0,1.4326989766126316e-6,3.354592166755169e-5,0
1654,NA,1.3730457341452256e-4,3.4729224244519106e-4,6.747674019481942e-4,1.6982980143866544e-4
1659,NA,0.0023027581513216143,0.0014376259272889595,9.290383411293602e-4,0.0013059245356957742
1662,NA,0.010235840387566442,0.006199785014759257,0.0037290406390466965,0.005112113261876567
1665,DGCC (28:7),1.6113092337486707e-4,3.0535787887719896e-4,5.127181682492006e-4,1.3905457446272858e-4
1666,DGCC (28:7),3.5291020129920474e-5,2.928664285667617e-5,1.1029315809798998e-4,0
1683,NA,1.0153019288080735e-4,1.0949204630771942e-4,7.249988641779814e-5,1.792878983814368e-4
1686,NA,0,0,0,4.368908264505105e-4
1691,NA,0,9.255400842777061e-7,4.6354153642778144e-5,0
1694,NA,2.309151422156388e-5,1.808333922945982e-4,6.528353489143595e-4,1.362426137472901e-4
1695,NA,0.0019790201826778643,0.001542675638154235,0.0010657292886057112,9.417645086756277e-4
1698,NA,0.0018215056943391426,0.0010990188362598882,7.380546857627925e-4,8.538799577985253e-4
1701,NA,4.129198839716314e-6,2.9134789037463618e-5,7.465461729708445e-5,8.848256919514157e-6
1703,NA,3.772723357215014e-4,3.3825867965011513e-4,2.5646420721213523e-4,3.431032029613503e-4
1706,NA,0,0,0,2.709782889869091e-4
1720,NA,0,0,0,3.282826893892058e-4
1723,NA,0,6.299784544960924e-5,8.677597773970803e-5,2.709770645045597e-5
1725,NA,5.6630132918986535e-6,4.232837887939223e-6,2.8677560416065764e-6,0.0010640713994690583
1728,NA,4.001556612012595e-4,3.087286431500784e-4,2.4823060612459377e-4,2.785458733140769e-4
1733,NA,0.0014924353408007538,0.0011428671475556887,7.651414010698971e-4,8.589247378092721e-4
1735,NA,0,2.4905882558913265e-7,3.42932074677088e-5,0
1740,NA,6.6847206147403595e-6,3.6294556377640894e-5,4.740280389737436e-5,2.5989100923453688e-5
1754,NA,0,0,0,4.062003384099128e-4
1760,NA,5.558592621176521e-4,5.063724834840611e-4,4.043010962643498e-4,2.597541286756684e-4
1763,NA,0.0016816544415306299,4.980084821940443e-4,2.285373418040727e-4,4.756872317259301e-4
1764,NA,1.825361152601335e-4,5.762082104279706e-5,7.33069196024106e-5,1.9422735931836176e-4
1765,NA,8.297433644524571e-4,1.0983656683682028e-4,6.998629122634935e-5,2.319672584346059e-4
1766,NA,1.2819721714312039e-4,2.281350499066491e-4,5.036554209351523e-4,1.3568335494858698e-4
1767,NA,7.436164747724924e-5,6.75960245914001e-5,8.793962172274958e-5,5.927199533517109e-5
1769,NA,6.362233942283969e-4,5.396533733090501e-4,4.65409113586514e-4,4.1250627943134616e-4
1778,NA,0,0,0,2.983398450204558e-4
1780,NA,0,1.5191533720218285e-5,8.84520382820743e-5,9.250869377007175e-6
1784,NA,9.548525196401496e-6,1.2240356890636314e-4,2.429224710287764e-4,1.609135426411517e-4
1785,NA,6.247237481433919e-7,5.221937195913411e-5,1.484952389144059e-4,3.074948878633347e-5
1789,NA,8.255803878012926e-5,1.516054294416687e-4,1.6067329810174168e-4,8.334693654040397e-5
1795,NA,0,2.907096169747606e-6,6.688084198168448e-5,0
1804,NA,0,1.668504300529234e-6,9.012607185370221e-7,6.820602908201469e-4
1811,NA,3.558883770501067e-5,7.071793213997998e-5,8.438308294833067e-5,1.6678861913605614e-5
1813,NA,3.058447027589084e-5,1.2217051500278803e-4,1.0782420411962207e-4,7.132858847892567e-5
1816,NA,0,2.242722423589604e-5,8.942274790061031e-5,0
1827,NA,3.2968934301582395e-4,3.8111054726302904e-4,3.1087181826752486e-4,2.2830252671737138e-4
1830,NA,3.637033975123817e-5,4.839384384609334e-7,3.0262447071236794e-5,0
1833,NA,9.811719732152637e-5,1.8529327945883997e-4,1.930637796810592e-4,3.559298833421209e-5
1848,NA,0,3.5858526067554696e-6,3.737240091681201e-5,0
1851,NA,5.342731071019387e-4,7.548837287434467e-4,8.417337510266718e-4,7.473480959050621e-4
1852,NA,0,0,0,3.9588206102512524e-4
1872,NA,2.6749225030802467e-4,3.1313964397243206e-4,3.2034268524041014e-4,2.240645549896585e-4
1875,NA,0,1.4611692825870353e-5,1.3508941781309683e-4,0
1898,PC(P-16:0/20:3); [M+H]+ C44H83N1O7P1,3.894332093418406e-4,1.2788029266493905e-4,5.803312857549948e-5,7.058431754545434e-5
1899,PC(P-16:0/20:3); [M+H]+ C44H83N1O7P1,9.743261749876499e-4,1.951898688937776e-4,8.639516107775658e-5,1.3098816475383865e-4
1903,PC(P-16:0/20:3); [M+H]+ C44H83N1O7P1,9.602374826746414e-5,8.396608768066664e-5,1.0821846122681556e-5,0
1904,PC(P-16:0/20:3); [M+H]+ C44H83N1O7P1,1.0120930647924933e-4,1.374213811812005e-4,1.2260145082009377e-5,0
1926,DGCC (36:5),0.0019012592921247666,0.002670493882023725,0.0023188442607703906,0.0023371810269084505
1931,NA,0,2.3369095777056773e-5,1.469591578586047e-4,2.9847317509414116e-5
1932,NA,0,4.5477101290190745e-5,5.775062228327862e-5,7.720489055364113e-6
1950,PC(O-18:1/20:4); [M+H]+ C46H85N1O7P1,1.3666809424294328e-4,1.0180671240761464e-4,3.5093327123063816e-5,0
1966,PC(O-18:0/20:4); [M+H]+ C46H87N1O7P1,4.5577971429759006e-4,2.1502571636362216e-4,8.884025754015886e-5,1.8552606297395451e-4
1969,PC(O-18:0/20:4); [M+H]+ C46H87N1O7P1,0.0011226300404798587,4.594342414491768e-4,1.9328027224680604e-4,5.42006309718109e-4
1986,DGCC (38:6),0.010883462959384456,0.010850514472710513,0.010601690560323354,0.011871416193884234
1987,DGCC (38:6),9.212004936638485e-5,5.56488494311324e-4,0.0021611635914336384,0.001988942730877142
1988,NA,3.666718305679005e-4,2.7509418544384846e-4,2.8692581840258067e-4,2.0006411085014535e-4
1995,NA,0,1.4566641326405524e-5,8.629841031860512e-5,1.0117699277146187e-5
1996,NA,2.2217041916859606e-6,3.8209972201289755e-5,6.171304157191256e-5,8.761895160693686e-6
1997,NA,0,0,1.7592819577436855e-5,0
2004,NA,0,1.3753424986871761e-5,7.84201602618852e-5,1.000216266715543e-5
2054,NA,4.211562257975589e-4,2.599644350114785e-4,1.702861971290855e-4,6.496797298520144e-4
2055,NA,1.1257489332247095e-5,1.4069094178290406e-4,2.578317881230925e-4,1.255859255693016e-4
2057,NA,3.649514670231669e-4,5.68267698086308e-4,4.637434203915651e-4,4.500981987342016e-4
2077,NA,4.1196790815506636e-5,1.0444920520658895e-4,9.94997739741467e-5,4.7870687062501985e-5
2080,NA,1.393359175318925e-5,1.743305702710709e-4,3.3402911262878565e-4,2.7019147108671817e-4
2082,NA,4.844796989825579e-5,1.900169318769101e-4,1.7147233352131854e-4,3.133526633972598e-4
2092,NA,0,1.2598876324827498e-5,7.586764675825844e-5,1.171392277601177e-5
2094,NA,1.9764632364631054e-4,4.0708444712779133e-4,5.377856951260503e-4,4.2421741304898326e-4
2105,NA,2.211017773123281e-6,1.706157557761535e-5,1.854580484947366e-4,3.28482046062611e-5
2106,NA,3.4744936426949055e-4,7.052956184383081e-4,0.0015834700301553466,7.929786841014548e-4
2107,NA,1.612421589902023e-5,1.2802251199148194e-4,4.241577537761476e-4,1.378002711168856e-4
