Compound_Name,superclass,class,subclass
BETAINE,Organic acids and derivatives,Carboxylic acids and derivatives,"Amino acids, peptides, and analogues"
2-Amino-1-phenylethanol CollisionEnergy:205060,Organic nitrogen compounds,Organonitrogen compounds,Amines
Phenethylamine CollisionEnergy:102040,Benzenoids,Benzene and substituted derivatives,Phenethylamines
trimethylammoniumpropionate (TMAP),NA,NA,NA
Dimethylsulfoniopropionate (DMSP),NA,NA,NA
Carveol,Lipids and lipid-like molecules,Prenol lipids,Monoterpenoids
Homarine,Organoheterocyclic compounds,Pyridines and derivatives,Pyridinecarboxylic acids and derivatives
betaine,Organic acids and derivatives,Carboxylic acids and derivatives,"Amino acids, peptides, and analogues"
Massbank:LU051604 2-Naphthylamine|naphthalen-2-amine,Benzenoids,Naphthalenes,NA
Stachydrine (L-proline betaine),Organic acids and derivatives,Carboxylic acids and derivatives,"Amino acids, peptides, and analogues"
acetylcholine CollisionEnergy:102040,Organic nitrogen compounds,Organonitrogen compounds,Quaternary ammonium salts
(-)-L-Carnitine - 40.0 eV,Organic nitrogen compounds,Organonitrogen compounds,Quaternary ammonium salts
DL-PHENYLALANINE CollisionEnergy:205060,Organic acids and derivatives,Carboxylic acids and derivatives,"Amino acids, peptides, and analogues"
"""9,10-dihydrojasmonic acid CollisionEnergy:205060""",Lipids and lipid-like molecules,Fatty Acyls,Lineolic acids and derivatives
Spectral Match to L-Tyrosine from NIST14,Organic acids and derivatives,Carboxylic acids and derivatives,"Amino acids, peptides, and analogues"
Spectral Match to Abrine from NIST14,NA,NA,NA
"Spectral Match to 2,4,7,9-Tetramethyl-5-decyne-4,7-diol from NIST14",NA,NA,NA
"Massbank:EA021305 DEET|N,N-Diethyl-m-toluamide|N,N-diethyl-3-methyl-benzamide",Benzenoids,Benzene and substituted derivatives,Toluenes
Massbank:LU114702 Isoprocarb|(2-propan-2-ylphenyl) N-methylcarbamate,Benzenoids,Benzene and substituted derivatives,Cumenes
Spectral Match to Tetraethylene glycol from NIST14,NA,NA,NA
b-Caryophyllene oxide,Lipids and lipid-like molecules,Prenol lipids,Sesquiterpenoids
Acetylcarnitine - 40.0 eV,Lipids and lipid-like molecules,Fatty Acyls,Fatty acid esters
Massbank:RP000501 L-Tryptophan|(2S)-2-amino-3-(1H-indol-3-yl)propanoic acid,Organoheterocyclic compounds,Indoles and derivatives,Indolyl carboxylic acids and derivatives
"Spectral Match to cis-7,10,13,16-Docosatetraenoic acid from NIST14",NA,NA,NA
PROPIONYLCARNITINE,Lipids and lipid-like molecules,Fatty Acyls,Fatty acid esters
"Massbank:LU042102 Ethoxyquin|6-ethoxy-2,2,4-trimethyl-1H-quinoline",Organoheterocyclic compounds,Quinolines and derivatives,Quinolones and derivatives
Butyrylcarnitine - 40.00 eV,Lipids and lipid-like molecules,Fatty Acyls,Fatty acid esters
Massbank:LU086203 Pentaethylene glycol|2-[2-[2-[2-(2-hydroxyethoxy)ethoxy]ethoxy]ethoxy]ethanol,Organic oxygen compounds,Organooxygen compounds,Ethers
Palythine,Organic acids and derivatives,Carboxylic acids and derivatives,"Amino acids, peptides, and analogues"
Isovalerylcarnitine - 40.00 eV,Lipids and lipid-like molecules,Fatty Acyls,Fatty acid esters
Spectral Match to Pinolenic acid from NIST14,Lipids and lipid-like molecules,Fatty Acyls,Lineolic acids and derivatives
Spectral Match to Tributyl phosphate from NIST14,Organic acids and derivatives,Organic phosphoric acids and derivatives,Phosphate esters
"Massbank:EQ330403 Adenosine|(2R,3R,4S,5R)-2-(6-aminopurin-9-yl)-5-(hydroxymethyl)oxolane-3,4-diol","Nucleosides, nucleotides, and analogues",Purine nucleosides,NA
7-Hydroxy-3'-methoxyflavone CollisionEnergy:205060,Phenylpropanoids and polyketides,Flavonoids,O-methylated flavonoids
Massbank:LU030803 Lauryldiethanolamine|2-[dodecyl(2-hydroxyethyl)amino]ethanol,Organic nitrogen compounds,Organonitrogen compounds,Amines
Massbank: Nandrolone,Lipids and lipid-like molecules,Steroids and steroid derivatives,Estrane steroids
Spectral Match to Hexaethylene glycol from NIST14,Organic oxygen compounds,Organooxygen compounds,Ethers
Palythene,Organic acids and derivatives,Carboxylic acids and derivatives,"Amino acids, peptides, and analogues"
"NCGC00384783-01_C17H25NO3_Azepino[3,2,1-hi]furo[3,2-e]indole-2,10-dione, 8-ethyldodecahydro-11-methyl-, (7aR,8R,8aS,11S,11aS,11bR,11cR)-",Alkaloids and derivatives,Stemona alkaloids,Stenine-type alkaloids
"""N-[5-(2-methylpropyl)-4-oxo(1,3-dioxan-5-yl)]benzamide CollisionEnergy:102040""",Organic acids and derivatives,Carboxylic acids and derivatives,"Amino acids, peptides, and analogues"
"Massbank:LU100203 2,2'-(Tetradecylimino)diethanol|Tetradecyldiethanolamine",Organic nitrogen compounds,Organonitrogen compounds,Amines
Spectral Match to 8-HETE from NIST14,Lipids and lipid-like molecules,Fatty Acyls,Eicosanoids
Spectral Match to Glycerol 1-myristate from NIST14,Lipids and lipid-like molecules,Glycerolipids,Monoradylglycerols
O-4-Methoxybenzoylepilupinine hydrochloride CollisionEnergy:102040,Alkaloids and derivatives,Lupin alkaloids,Lupinine-type alkaloids
dehydrohaliclocyclin F dial,Organoheterocyclic compounds,Pyridines and derivatives,Pyridinium derivatives
Spectral Match to Benzyldodecyldimethylammonium from NIST14,NA,NA,NA
Massbank:PR310583 Hetisine,Lipids and lipid-like molecules,Prenol lipids,Diterpenoids
"Massbank:LU017202 4,4'-Sulfonylbis[2-(prop-2-en-1-yl)phenol]|Phenol, 4,4'-sulfonylbis[2-(2-propenyl)-|4-(4-hydroxy-3-prop-2-enylphenyl)sulfonyl-2-prop-2-enylphenol",Benzenoids,Benzene and substituted derivatives,Benzenesulfonyl compounds
"Massbank:LU017203 4,4'-Sulfonylbis[2-(prop-2-en-1-yl)phenol]|Phenol, 4,4'-sulfonylbis[2-(2-propenyl)-|4-(4-hydroxy-3-prop-2-enylphenyl)sulfonyl-2-prop-2-enylphenol",Benzenoids,Benzene and substituted derivatives,Benzenesulfonyl compounds
Spectral Match to Eicosapentaenoic acid ethyl ester from NIST14,Lipids and lipid-like molecules,Fatty Acyls,Fatty acid esters
Spectral Match to 1-Hexadecanoyl-sn-glycerol from NIST14,NA,NA,NA
"Spectral Match to Decynediol, tetramethyl, di(2-hydroxyethyl) ether from NIST14",Organic oxygen compounds,Organooxygen compounds,Carbonyl compounds
Spectral Match to Benzyltetradecyldimethylammonium from NIST14,NA,NA,NA
"Spectral Match to Monolinolenin (9c,12c,15c) from NIST14",NA,NA,NA
Bucharaine CollisionEnergy:205060,Organoheterocyclic compounds,Quinolines and derivatives,Quinolones and derivatives
Spectral Match to 1-Linoleoylglycerol from NIST14,NA,NA,NA
"2-(2-hydroxybut-3-en-2-yl)-3a,6,6,9a-tetramethyl-2,4,5,5a,7,8,9,9b-octahydro-1H-benzo[e][1]benzofuran-4,5-diol",Organoheterocyclic compounds,Naphthofurans,NA
Massbank:RP025402 Tetradecanoyl-L-Carnitine|L-Myristoylcarnitine|(3R)-3-tetradecanoyloxy-4-(trimethylazaniumyl)butanoate,Lipids and lipid-like molecules,Fatty Acyls,Fatty acid esters
Spectral Match to Tris(2-butoxyethyl) phosphate from NIST14,NA,NA,NA
Palmitoylcarnitine,Lipids and lipid-like molecules,Fatty Acyls,Fatty acid esters
Massbank:RP025602 Stearoyl-L-Carnitine|stearoylcarnitine|3-octadecanoyloxy-4-(trimethylazaniumyl)butanoate,Lipids and lipid-like molecules,Fatty Acyls,Fatty acid esters
Lyso DGCC (14:0),NA,NA,NA
Spectral Match to 1-Myristoyl-sn-glycero-3-phosphocholine from NIST14,NA,NA,NA
histamine-C23:1,Lipids and lipid-like molecules,Fatty Acyls,Fatty amides
DGTS 16:0,NA,NA,NA
Spectral Match to 1-(1Z-Hexadecenyl)-sn-glycero-3-phosphocholine from NIST14,NA,NA,NA
Spectral Match to 1-Hexadecyl-sn-glycero-3-phosphocholine from NIST14,Lipids and lipid-like molecules,Glycerophospholipids,Glycerophosphocholines
Lyso DGCC (16:0),NA,NA,NA
Spectral Match to Lyso-PC(16:0) from NIST14,NA,NA,NA
PC(0:0/16:0); [M+H]+ C24H51N1O7P1,NA,NA,NA
DGTS 18:2,NA,NA,NA
PE(20:4/0:0); [M+H]+ C25H45N1O7P1,NA,NA,NA
Spectral Match to 1-(1Z-Hexadecenyl)-sn-glycero-3-phosphocholine from NIST14,Lipids and lipid-like molecules,Glycerophospholipids,Glycerophosphocholines
PC(O-18:1/0:0); [M+H]+ C26H55N1O6P1,NA,NA,NA
Spectral Match to Lyso-PAF C-18 from NIST14,Lipids and lipid-like molecules,Glycerophospholipids,Glycerophosphocholines
Spectral Match to 1-Hexadecanoyl-sn-glycero-3-phosphocholine from NIST14,NA,NA,NA
PC(18:3/0:0); [M+H]+ C26H49N1O7P1,NA,NA,NA
PC(18:2/0:0); [M+H]+ C26H51N1O7P1,NA,NA,NA
PC(0:0/18:1); [M+H]+ C26H53N1O7P1,NA,NA,NA
Spectral Match to 1-Stearoyl-2-hydroxy-sn-glycero-3-phosphocholine from NIST14,NA,NA,NA
Spectral Match to PAF C-16 from NIST14,NA,NA,NA
DGTS 20:3,NA,NA,NA
PE(22:4/0:0); [M+H]+ C27H49N1O7P1,NA,NA,NA
Lyso DGCC (18:5),NA,NA,NA
PC(20:5/0:0); [M+H]+ C28H49N1O7P1,NA,NA,NA
PC(0:0/20:4); [M+H]+ C28H51N1O7P1,NA,NA,NA
PC(20:3/0:0); [M+H]+ C28H53N1O7P1,NA,NA,NA
PC(20:2/0:0); [M+H]+ C28H55N1O7P1,NA,NA,NA
Lyso DGCC (22:6),NA,NA,NA
PC(22:6/0:0); [M+H]+ C30H51N1O7P1,NA,NA,NA
PC(22:4/0:0); [M+H]+ C30H55N1O7P1,NA,NA,NA
DGCC (28:7),NA,NA,NA
PC(P-16:0/20:3); [M+H]+ C44H83N1O7P1,NA,NA,NA
DGCC (36:5),NA,NA,NA
PC(O-18:1/20:4); [M+H]+ C46H85N1O7P1,NA,NA,NA
PC(O-18:0/20:4); [M+H]+ C46H87N1O7P1,NA,NA,NA
DGCC (38:6),NA,NA,NA
